timestamp,device_id,temperature_1,humidity,light_lux,soil_moisture
2026-02-12 | 14:17,ESP32_GH_01,32.3,64.2,5.833333,0
2026-02-12 | 14:17,ESP32_GH_01,32.3,64.1,5.833333,0
2026-02-12 | 14:17,ESP32_GH_01,32.3,64.2,5.833333,0
2026-02-12 | 14:17,ESP32_GH_01,32.3,64.1,5.833333,0
2026-02-12 | 14:17,ESP32_GH_01,32.2,64.1,5.833333,0
2026-02-12 | 14:17,ESP32_GH_01,32.3,64.2,5,0
2026-02-12 | 14:18,ESP32_GH_01,32.2,64.2,5,0
2026-02-12 | 14:18,ESP32_GH_01,32.3,64.1,5,0
2026-02-12 | 14:35,ESP32_GH_01,31.9,64.5,3.333333,0
2026-02-12 | 14:35,ESP32_GH_01,31.9,64.6,3.333333,0
2026-02-12 | 14:35,ESP32_GH_01,31.9,64.7,3.333333,0
2026-02-12 | 14:35,ESP32_GH_01,31.9,64.7,3.333333,0
2026-02-12 | 14:35,ESP32_GH_01,31.9,64.7,3.333333,0
2026-02-12 | 14:35,ESP32_GH_01,31.9,64.6,4.166667,0
2026-02-12 | 14:35,ESP32_GH_01,31.9,64.5,4.166667,0
2026-02-12 | 14:35,ESP32_GH_01,31.9,64.4,4.166667,0
2026-02-13 | 11:18,ESP32_GH_01,28.6,79.5,8.333333,0
2026-02-13 | 11:18,ESP32_GH_01,28.6,79.3,10,0
2026-02-13 | 11:18,ESP32_GH_01,28.6,79.3,9.166666,0
2026-02-13 | 11:18,ESP32_GH_01,28.6,79.2,8.333333,0
2026-02-13 | 11:18,ESP32_GH_01,28.6,79.1,9.166666,0
2026-02-13 | 11:18,ESP32_GH_01,28.6,79,8.333333,0
2026-02-13 | 11:18,ESP32_GH_01,28.6,79.1,9.166666,0
2026-02-13 | 11:19,ESP32_GH_01,28.6,79.1,9.166666,0
2026-02-13 | 11:19,ESP32_GH_01,28.7,79,8.333333,0
2026-02-13 | 11:19,ESP32_GH_01,28.7,79.2,9.166666,0
2026-02-13 | 11:19,ESP32_GH_01,28.7,79,7.5,0
2026-02-13 | 11:19,ESP32_GH_01,28.7,79,9.166666,0
2026-02-13 | 11:19,ESP32_GH_01,28.7,79,9.166666,0
2026-02-13 | 11:19,ESP32_GH_01,28.7,78.9,8.333333,0
2026-02-13 | 11:19,ESP32_GH_01,28.7,78.9,8.333333,0
2026-02-13 | 11:19,ESP32_GH_01,28.7,78.7,8.333333,0
2026-02-13 | 11:19,ESP32_GH_01,28.7,78.7,8.333333,0
2026-02-13 | 11:19,ESP32_GH_01,28.7,78.6,9.166666,0
2026-02-13 | 11:19,ESP32_GH_01,28.7,78.7,9.166666,0
2026-02-13 | 11:20,ESP32_GH_01,28.7,78.7,8.333333,0
2026-02-13 | 11:20,ESP32_GH_01,28.7,78.6,9.166666,0
2026-02-13 | 11:20,ESP32_GH_01,28.7,78.6,9.166666,0
2026-02-13 | 11:20,ESP32_GH_01,28.7,78.6,9.166666,0
2026-02-13 | 11:20,ESP32_GH_01,28.7,78.6,9.166666,0
2026-02-13 | 11:20,ESP32_GH_01,28.7,78.7,9.166666,0
2026-02-13 | 11:20,ESP32_GH_01,28.7,78.7,9.166666,0
2026-02-13 | 11:20,ESP32_GH_01,28.7,78.7,10,0
2026-02-13 | 11:20,ESP32_GH_01,28.7,78.6,10,0
2026-02-13 | 11:20,ESP32_GH_01,28.7,78.6,9.166666,0
2026-02-13 | 11:20,ESP32_GH_01,28.7,78.6,10,0
2026-02-13 | 11:20,ESP32_GH_01,28.7,78.6,11.66667,0
2026-02-13 | 11:21,ESP32_GH_01,28.7,78.6,10.83333,0
2026-02-13 | 11:21,ESP32_GH_01,28.7,78.6,10.83333,0
2026-02-13 | 11:21,ESP32_GH_01,28.7,78.5,10,0
2026-02-13 | 11:21,ESP32_GH_01,28.7,78.5,10.83333,0
2026-02-13 | 11:21,ESP32_GH_01,28.7,78.7,10.83333,0
2026-02-13 | 11:21,ESP32_GH_01,28.7,78.8,11.66667,0
2026-02-13 | 11:21,ESP32_GH_01,28.7,78.8,11.66667,0
2026-02-13 | 11:21,ESP32_GH_01,28.8,78.8,11.66667,0
2026-02-13 | 11:21,ESP32_GH_01,28.8,78.7,11.66667,0
2026-02-13 | 11:21,ESP32_GH_01,28.8,78.6,11.66667,0
2026-02-13 | 11:21,ESP32_GH_01,28.8,78.8,11.66667,0
2026-02-13 | 11:22,ESP32_GH_01,28.8,78.6,11.66667,0
2026-02-13 | 11:22,ESP32_GH_01,28.8,78.7,11.66667,0
2026-02-13 | 11:22,ESP32_GH_01,28.8,78.8,10.83333,0
2026-02-13 | 11:22,ESP32_GH_01,28.8,78.8,11.66667,0
2026-02-13 | 11:34,ESP32_GH_01,29.1,76.2,7.5,0
2026-02-13 | 11:34,ESP32_GH_01,29.1,76.1,7.5,0
2026-02-13 | 11:34,ESP32_GH_01,29.1,76.1,7.5,0
2026-02-13 | 11:35,ESP32_GH_01,29.1,76.1,7.5,0
2026-02-13 | 11:35,ESP32_GH_01,29.2,76.2,7.5,0
2026-02-13 | 11:35,ESP32_GH_01,29.2,76.1,7.5,0
2026-02-13 | 11:35,ESP32_GH_01,29.2,76.2,7.5,0
2026-04-22 | 17:51,ESP32_GH_01,32.4,79.7,3.333333,0
2026-04-22 | 17:51,ESP32_GH_01,32.4,79.6,2.5,0
2026-04-22 | 17:51,ESP32_GH_01,32.4,79.8,2.5,0
2026-04-22 | 17:52,ESP32_GH_01,32.4,80.1,2.5,0
2026-04-22 | 17:52,ESP32_GH_01,32.4,80.1,3.333333,0
2026-04-22 | 17:52,ESP32_GH_01,32.4,80.2,3.333333,0
2026-04-22 | 17:52,ESP32_GH_01,32.4,80.1,3.333333,0
2026-04-22 | 17:52,ESP32_GH_01,32.4,79.7,803.3333,0
2026-04-22 | 17:52,ESP32_GH_01,32.4,79.8,4.166667,0
2026-04-22 | 17:52,ESP32_GH_01,32.5,79.4,3.333333,0
2026-04-22 | 17:52,ESP32_GH_01,32.4,78.7,3.333333,0
2026-04-22 | 17:52,ESP32_GH_01,32.4,78.3,1170,0
2026-04-22 | 17:52,ESP32_GH_01,32.4,78.1,3.333333,0
2026-04-22 | 17:52,ESP32_GH_01,32.4,78,19.16667,0
2026-04-22 | 17:52,ESP32_GH_01,32.4,77.9,65.83333,0
2026-04-22 | 17:53,ESP32_GH_01,32.4,77.7,184.1667,0
2026-04-22 | 17:53,ESP32_GH_01,32.4,77.6,1244.167,0
2026-04-22 | 17:53,ESP32_GH_01,32.4,77.5,2057.5,0
2026-04-22 | 17:53,ESP32_GH_01,32.4,77.4,240,0
2026-04-22 | 17:53,ESP32_GH_01,32.4,77.3,81.66666,0
2026-04-22 | 17:53,ESP32_GH_01,32.4,77.3,5,0
2026-04-22 | 17:53,ESP32_GH_01,32.3,77.4,1691.667,0
2026-04-22 | 17:53,ESP32_GH_01,32.3,77.4,5,0
2026-04-22 | 17:53,ESP32_GH_01,32.3,77.5,3.333333,0
2026-04-22 | 17:53,ESP32_GH_01,32.3,77.6,3.333333,0
2026-04-22 | 17:53,ESP32_GH_01,32.3,77.6,4.166667,0
2026-04-22 | 17:54,ESP32_GH_01,32.3,77.7,1.666667,0
2026-04-22 | 17:54,ESP32_GH_01,32.4,85.1,1.666667,0
2026-04-22 | 17:54,ESP32_GH_01,32.4,88.5,2.5,0
2026-04-22 | 17:54,ESP32_GH_01,32.5,87.7,2.5,0
2026-04-22 | 17:54,ESP32_GH_01,32.5,85.1,2.5,0
2026-04-22 | 17:54,ESP32_GH_01,32.5,83,1.666667,0
2026-04-22 | 17:54,ESP32_GH_01,32.5,85.4,2.5,0
2026-04-22 | 17:54,ESP32_GH_01,32.6,89.8,3.333333,0
2026-04-22 | 17:54,ESP32_GH_01,32.6,87.9,4.166667,0
2026-04-22 | 17:54,ESP32_GH_01,32.6,85.2,4.166667,0
2026-04-22 | 17:54,ESP32_GH_01,32.6,82.9,3.333333,0
2026-04-22 | 17:54,ESP32_GH_01,32.6,81.7,3.333333,0
2026-04-22 | 17:55,ESP32_GH_01,32.6,80.9,3.333333,0
2026-04-22 | 17:55,ESP32_GH_01,32.6,80.1,3.333333,0
2026-04-22 | 17:55,ESP32_GH_01,32.5,79.5,3.333333,0
2026-04-22 | 17:55,ESP32_GH_01,32.5,79.1,3.333333,0
2026-04-22 | 17:55,ESP32_GH_01,32.5,78.9,3.333333,0
2026-04-22 | 17:55,ESP32_GH_01,32.5,79,3.333333,0
2026-04-22 | 17:55,ESP32_GH_01,32.5,79.1,3.333333,0
2026-04-22 | 17:55,ESP32_GH_01,32.5,79,4.166667,0
2026-04-22 | 17:55,ESP32_GH_01,32.5,79.1,3.333333,0
2026-04-22 | 17:55,ESP32_GH_01,32.5,79,3.333333,0
2026-04-22 | 17:55,ESP32_GH_01,32.5,78.7,3.333333,0
2026-04-22 | 17:55,ESP32_GH_01,32.5,78.6,3.333333,0
2026-04-22 | 17:56,ESP32_GH_01,32.5,78.6,3.333333,0
2026-04-22 | 17:56,ESP32_GH_01,32.5,78.5,3.333333,0
2026-04-22 | 17:56,ESP32_GH_01,32.4,78.2,3.333333,0
2026-04-23 | 14:20,ESP32_GH_01,33.3,76.3,20.83333,0
2026-04-23 | 14:20,ESP32_GH_01,33.3,76.4,20.83333,0
2026-04-23 | 14:20,ESP32_GH_01,33.3,76.4,20.83333,0
2026-04-23 | 14:20,ESP32_GH_01,33.3,76.5,20,0
2026-04-23 | 14:20,ESP32_GH_01,33.3,76.5,20.83333,0
2026-04-23 | 14:20,ESP32_GH_01,33.3,76.5,20,0
2026-04-23 | 14:20,ESP32_GH_01,33.3,76.4,19.16667,0
2026-04-23 | 14:20,ESP32_GH_01,33.3,76.3,20,0
2026-04-23 | 14:20,ESP32_GH_01,33.3,76.4,15.83333,0
2026-04-23 | 14:20,ESP32_GH_01,33.3,76.7,5,0
2026-04-23 | 14:21,ESP32_GH_01,33.3,76.7,4.166667,0
2026-04-23 | 14:21,ESP32_GH_01,33.3,76.8,8.333333,0
2026-04-23 | 14:21,ESP32_GH_01,33.3,76.7,10.83333,0
2026-04-23 | 14:21,ESP32_GH_01,33.3,76.6,10.83333,0
2026-04-23 | 14:21,ESP32_GH_01,33.3,76.6,14.16667,0
2026-04-23 | 14:21,ESP32_GH_01,33.3,76.6,15.83333,0
2026-04-23 | 14:21,ESP32_GH_01,33.3,76.5,9.166666,0
2026-04-23 | 14:21,ESP32_GH_01,33.3,76.6,8.333333,0
2026-04-23 | 14:21,ESP32_GH_01,33.3,76.6,8.333333,0
2026-04-23 | 14:21,ESP32_GH_01,33.3,76.6,8.333333,0
2026-04-23 | 14:21,ESP32_GH_01,33.2,76.5,8.333333,0
2026-04-23 | 14:21,ESP32_GH_01,33.2,76.4,7.5,0
2026-04-23 | 14:22,ESP32_GH_01,33.2,76.4,7.5,0
2026-04-23 | 14:22,ESP32_GH_01,33.2,76.4,7.5,0
2026-04-23 | 14:22,ESP32_GH_01,33.2,76.4,7.5,0
2026-04-23 | 14:22,ESP32_GH_01,33.2,76.4,7.5,0
2026-04-23 | 14:22,ESP32_GH_01,33.2,76.4,7.5,0
2026-04-23 | 14:22,ESP32_GH_01,33.2,76.5,7.5,0
2026-04-23 | 14:22,ESP32_GH_01,33.1,76.4,7.5,0
2026-04-23 | 14:22,ESP32_GH_01,33.1,76.5,7.5,0
2026-04-23 | 14:22,ESP32_GH_01,33.1,76.5,7.5,0
2026-04-23 | 14:22,ESP32_GH_01,33.1,76.7,7.5,0
2026-04-23 | 14:22,ESP32_GH_01,33.2,76.7,7.5,0
2026-04-23 | 14:23,ESP32_GH_01,33.1,77.1,7.5,0
2026-04-23 | 14:23,ESP32_GH_01,33.1,77.1,7.5,0
2026-04-23 | 14:23,ESP32_GH_01,33.1,77.5,7.5,0
2026-04-23 | 14:23,ESP32_GH_01,33.2,77.4,8.333333,0
2026-04-23 | 14:23,ESP32_GH_01,33.1,77.3,10,0
2026-04-23 | 14:24,ESP32_GH_01,33.2,77.3,11.66667,0
2026-04-23 | 14:24,ESP32_GH_01,33.1,77,10.83333,0
2026-04-23 | 14:24,ESP32_GH_01,33.2,76.9,9.166666,0
2026-04-23 | 14:24,ESP32_GH_01,33.2,77,9.166666,0
2026-04-23 | 14:24,ESP32_GH_01,33.2,77,10.83333,0
2026-04-23 | 14:24,ESP32_GH_01,33.2,76.9,13.33333,0
2026-04-23 | 14:24,ESP32_GH_01,33.2,76.9,11.66667,0
2026-04-23 | 14:24,ESP32_GH_01,33.2,76.9,10,0
2026-04-23 | 14:24,ESP32_GH_01,33.2,77.1,8.333333,0
2026-04-23 | 14:24,ESP32_GH_01,33.2,77.3,8.333333,0
2026-04-23 | 14:24,ESP32_GH_01,33.2,77.2,8.333333,0
2026-04-23 | 16:02,ESP32_GH_01,30,87.3,0,0
2026-04-23 | 16:02,ESP32_GH_01,30,87.3,0,0
2026-04-23 | 16:02,ESP32_GH_01,30,87.3,0,0
2026-04-23 | 16:02,ESP32_GH_01,30,87.3,0,0
2026-04-23 | 16:02,ESP32_GH_01,30,87.3,0,0
2026-04-23 | 16:02,ESP32_GH_01,29.9,87.3,0,0
2026-04-23 | 16:02,ESP32_GH_01,30,87.3,0,0
2026-04-23 | 16:02,ESP32_GH_01,30,87.3,0,0
2026-04-23 | 16:02,ESP32_GH_01,30,87.3,0,0
2026-04-23 | 16:02,ESP32_GH_01,30,87.3,0,0
2026-04-23 | 16:03,ESP32_GH_01,30,87.3,0,0
2026-04-23 | 16:03,ESP32_GH_01,30,87.3,0,0
2026-04-23 | 16:03,ESP32_GH_01,30,87.2,0,0
2026-04-23 | 16:03,ESP32_GH_01,30,87.2,0,0
2026-04-23 | 16:03,ESP32_GH_01,30,87.1,0,0
2026-04-23 | 16:03,ESP32_GH_01,30,87.1,0,0
2026-04-23 | 16:03,ESP32_GH_01,30,87.1,0,0
2026-04-23 | 16:03,ESP32_GH_01,30,87.1,0,0
2026-04-23 | 16:03,ESP32_GH_01,29.9,87.1,233.3333,0
2026-04-23 | 16:03,ESP32_GH_01,29.9,87.1,233.3333,0
2026-04-23 | 16:03,ESP32_GH_01,29.9,87.3,74.16666,0
2026-04-23 | 16:03,ESP32_GH_01,29.9,87.3,74.16666,0
2026-04-23 | 16:04,ESP32_GH_01,30,87.2,60.83333,0
2026-04-23 | 16:04,ESP32_GH_01,30,87.2,60.83333,0
2026-04-23 | 19:57,ESP32_GH_01,27.2,89.8,6.666667,0
2026-04-23 | 19:57,ESP32_GH_01,27.2,89.9,6.666667,0
2026-04-23 | 19:57,ESP32_GH_01,27.2,89.8,6.666667,0
2026-04-23 | 19:57,ESP32_GH_01,27.2,89.9,6.666667,0
2026-04-23 | 19:57,ESP32_GH_01,27.2,89.7,6.666667,0
2026-04-23 | 19:57,ESP32_GH_01,27.2,89.7,6.666667,0
2026-04-23 | 19:57,ESP32_GH_01,27.2,89.7,6.666667,0
2026-04-23 | 19:57,ESP32_GH_01,27.2,89.8,6.666667,0
2026-04-23 | 19:57,ESP32_GH_01,27.2,89.8,6.666667,0
2026-04-23 | 19:58,ESP32_GH_01,27.2,89.7,6.666667,0
2026-04-23 | 19:58,ESP32_GH_01,27.2,89.7,6.666667,0
2026-04-23 | 19:58,ESP32_GH_01,27.2,89.8,6.666667,0
2026-04-23 | 19:58,ESP32_GH_01,27.2,89.8,6.666667,0
2026-04-23 | 19:58,ESP32_GH_01,27.2,89.7,6.666667,0
2026-04-23 | 19:58,ESP32_GH_01,27.2,89.7,6.666667,0
2026-04-23 | 19:58,ESP32_GH_01,27.2,89.7,6.666667,0
2026-04-23 | 19:58,ESP32_GH_01,27.2,89.7,6.666667,0
2026-04-23 | 19:58,ESP32_GH_01,27.3,89.7,6.666667,0
2026-04-23 | 19:58,ESP32_GH_01,27.3,89.7,6.666667,0
2026-04-23 | 19:58,ESP32_GH_01,27.3,89.6,6.666667,0
2026-04-23 | 19:58,ESP32_GH_01,27.3,89.6,6.666667,0
2026-04-23 | 19:58,ESP32_GH_01,27.3,89.7,6.666667,0
2026-04-23 | 19:58,ESP32_GH_01,27.3,89.7,6.666667,0
2026-04-23 | 19:58,ESP32_GH_01,27.3,89.6,6.666667,0
2026-04-23 | 19:58,ESP32_GH_01,27.3,89.6,6.666667,0
2026-04-23 | 19:58,ESP32_GH_01,27.3,89.5,6.666667,0
2026-04-23 | 19:58,ESP32_GH_01,27.3,89.5,6.666667,0
2026-04-23 | 19:58,ESP32_GH_01,27.3,89.5,6.666667,0
2026-04-23 | 19:58,ESP32_GH_01,27.3,89.5,6.666667,0
2026-04-23 | 19:58,ESP32_GH_01,27.3,89.5,6.666667,0
2026-04-23 | 19:58,ESP32_GH_01,27.3,89.5,6.666667,0
2026-04-23 | 19:59,ESP32_GH_01,27.3,89.4,6.666667,0
2026-04-23 | 19:59,ESP32_GH_01,27.3,89.4,6.666667,0
2026-04-23 | 19:59,ESP32_GH_01,27.3,89.4,6.666667,0
2026-04-23 | 19:59,ESP32_GH_01,27.3,89.4,6.666667,0
2026-04-23 | 19:59,ESP32_GH_01,27.3,89.4,6.666667,0
2026-04-23 | 19:59,ESP32_GH_01,27.3,89.4,6.666667,0
2026-04-23 | 19:59,ESP32_GH_01,27.3,89.3,6.666667,0
2026-04-23 | 19:59,ESP32_GH_01,27.3,89.3,6.666667,0
2026-04-23 | 19:59,ESP32_GH_01,27.3,89.3,6.666667,0
2026-04-23 | 19:59,ESP32_GH_01,27.3,89.3,6.666667,0
2026-04-23 | 19:59,ESP32_GH_01,27.3,89.3,6.666667,0
2026-04-23 | 19:59,ESP32_GH_01,27.3,89.3,6.666667,0
2026-04-23 | 19:59,ESP32_GH_01,27.4,89.3,6.666667,0
2026-04-23 | 19:59,ESP32_GH_01,27.4,89.3,6.666667,0
2026-04-23 | 19:59,ESP32_GH_01,27.3,89.2,6.666667,0
2026-04-23 | 19:59,ESP32_GH_01,27.3,89.2,6.666667,0
2026-04-23 | 19:59,ESP32_GH_01,27.3,89.2,6.666667,0
2026-04-23 | 19:59,ESP32_GH_01,27.3,89.2,6.666667,0
2026-04-23 | 19:59,ESP32_GH_01,27.4,89.2,6.666667,0
2026-04-23 | 19:59,ESP32_GH_01,27.4,89.2,6.666667,0
2026-04-23 | 19:59,ESP32_GH_01,27.4,89.3,6.666667,0
2026-04-23 | 19:59,ESP32_GH_01,27.4,89.2,6.666667,0
2026-04-23 | 20:00,ESP32_GH_01,27.4,89.2,6.666667,0
2026-04-23 | 20:00,ESP32_GH_01,27.4,89,6.666667,0
2026-04-23 | 20:00,ESP32_GH_01,27.4,89.1,6.666667,0
2026-04-23 | 20:00,ESP32_GH_01,27.4,89,6.666667,0
2026-04-23 | 20:00,ESP32_GH_01,27.4,89,6.666667,0
2026-04-23 | 20:00,ESP32_GH_01,27.4,89,6.666667,0
2026-04-23 | 20:00,ESP32_GH_01,27.4,89,6.666667,0
2026-04-23 | 20:00,ESP32_GH_01,27.4,89,6.666667,0
2026-04-23 | 20:00,ESP32_GH_01,27.4,89,6.666667,0
2026-04-23 | 20:00,ESP32_GH_01,27.4,89,6.666667,0
2026-04-23 | 20:00,ESP32_GH_01,27.4,89,6.666667,0
2026-04-23 | 20:00,ESP32_GH_01,27.4,89,6.666667,0
2026-04-23 | 20:01,ESP32_GH_01,27.4,89,6.666667,0
2026-04-23 | 20:01,ESP32_GH_01,27.4,89,6.666667,0
2026-04-23 | 20:01,ESP32_GH_01,27.4,89,6.666667,0
2026-04-23 | 20:01,ESP32_GH_01,27.4,89,6.666667,0
2026-04-23 | 20:01,ESP32_GH_01,27.4,89,6.666667,0
2026-04-23 | 20:01,ESP32_GH_01,27.4,89,6.666667,0
2026-04-23 | 20:01,ESP32_GH_01,27.3,89.1,6.666667,0
2026-04-23 | 20:01,ESP32_GH_01,27.3,89.1,6.666667,0
2026-04-23 | 20:01,ESP32_GH_01,27.3,89.1,6.666667,0
2026-04-23 | 20:01,ESP32_GH_01,27.3,89.2,6.666667,0
2026-04-23 | 20:01,ESP32_GH_01,27.3,89.2,6.666667,0
2026-04-23 | 20:01,ESP32_GH_01,27.3,89.3,6.666667,0
2026-04-23 | 20:02,ESP32_GH_01,27.3,89.4,6.666667,0
2026-04-23 | 20:02,ESP32_GH_01,27.3,89.3,6.666667,0
2026-04-23 | 20:02,ESP32_GH_01,27.3,89.4,6.666667,0
2026-04-23 | 20:02,ESP32_GH_01,27.3,89.4,6.666667,0
2026-04-23 | 20:02,ESP32_GH_01,27.3,89.5,6.666667,0
2026-04-23 | 20:02,ESP32_GH_01,27.3,89.6,6.666667,0
2026-04-23 | 20:02,ESP32_GH_01,27.3,89.5,6.666667,0
2026-04-23 | 20:02,ESP32_GH_01,27.3,89.6,6.666667,0
2026-04-23 | 20:02,ESP32_GH_01,27.2,89.6,6.666667,0
2026-04-23 | 20:02,ESP32_GH_01,27.3,89.6,6.666667,0
2026-04-23 | 20:02,ESP32_GH_01,27.2,89.6,6.666667,0
2026-04-23 | 20:02,ESP32_GH_01,27.2,89.7,6.666667,0
2026-04-23 | 20:03,ESP32_GH_01,27.2,89.7,6.666667,0
2026-04-23 | 20:03,ESP32_GH_01,27.2,89.8,6.666667,0
2026-04-23 | 20:03,ESP32_GH_01,27.2,89.8,6.666667,0
2026-04-23 | 20:03,ESP32_GH_01,27.2,89.7,6.666667,0
2026-04-23 | 20:03,ESP32_GH_01,27.2,89.9,6.666667,0
2026-04-23 | 20:03,ESP32_GH_01,27.2,89.9,6.666667,0
2026-04-23 | 20:03,ESP32_GH_01,27.2,89.8,6.666667,0
2026-04-23 | 20:03,ESP32_GH_01,27.2,89.8,6.666667,0
2026-04-23 | 20:03,ESP32_GH_01,27.2,89.9,6.666667,0
2026-04-23 | 20:03,ESP32_GH_01,27.2,89.9,6.666667,0
2026-04-23 | 20:03,ESP32_GH_01,27.2,89.9,6.666667,0
2026-04-23 | 20:04,ESP32_GH_01,27.2,89.9,6.666667,0
2026-04-23 | 20:04,ESP32_GH_01,27.1,89.9,6.666667,0
2026-04-23 | 20:04,ESP32_GH_01,27.2,89.9,6.666667,0
2026-04-23 | 20:04,ESP32_GH_01,27.2,90,6.666667,0
2026-04-23 | 20:04,ESP32_GH_01,27.2,90,6.666667,0
2026-04-23 | 20:04,ESP32_GH_01,27.1,90,6.666667,0
2026-04-23 | 20:04,ESP32_GH_01,27.1,90,6.666667,0
2026-04-23 | 20:04,ESP32_GH_01,27.1,90.1,6.666667,0
2026-04-23 | 20:04,ESP32_GH_01,27.1,90.1,6.666667,0
2026-04-23 | 20:04,ESP32_GH_01,27.1,90.1,6.666667,0
2026-04-23 | 20:04,ESP32_GH_01,27.1,90.2,6.666667,0
2026-04-23 | 20:04,ESP32_GH_01,27.1,90.2,6.666667,0
2026-04-23 | 20:05,ESP32_GH_01,27.1,90.1,6.666667,0
2026-04-23 | 20:05,ESP32_GH_01,27.1,90.2,6.666667,0
2026-04-23 | 20:05,ESP32_GH_01,27.1,90.2,6.666667,0
2026-04-23 | 20:05,ESP32_GH_01,27.1,90.3,6.666667,0
2026-04-23 | 20:05,ESP32_GH_01,27.1,90.3,6.666667,0
2026-04-23 | 20:05,ESP32_GH_01,27.1,90.3,6.666667,0
2026-04-23 | 20:05,ESP32_GH_01,27.1,90.3,6.666667,0
2026-04-23 | 20:05,ESP32_GH_01,27.1,90.3,6.666667,0
2026-04-23 | 20:05,ESP32_GH_01,27.1,90.3,6.666667,0
2026-04-23 | 20:05,ESP32_GH_01,27.1,90.4,6.666667,0
2026-04-23 | 20:05,ESP32_GH_01,27.1,90.4,6.666667,0
2026-04-23 | 20:05,ESP32_GH_01,27.1,90.4,6.666667,0
2026-04-23 | 20:06,ESP32_GH_01,27.1,90.4,6.666667,0
2026-04-23 | 20:06,ESP32_GH_01,27.1,90.4,6.666667,0
2026-04-23 | 20:06,ESP32_GH_01,27.1,90.5,6.666667,0
2026-04-23 | 20:06,ESP32_GH_01,27.1,90.3,6.666667,0
2026-04-23 | 20:06,ESP32_GH_01,27.1,90.4,6.666667,0
2026-04-23 | 20:06,ESP32_GH_01,27.1,90.4,6.666667,0
2026-04-23 | 20:06,ESP32_GH_01,27.1,90.5,6.666667,0
2026-04-23 | 20:06,ESP32_GH_01,27.1,90.5,6.666667,0
2026-04-23 | 20:06,ESP32_GH_01,27.1,90.4,6.666667,0
2026-04-23 | 20:06,ESP32_GH_01,27.1,90.5,6.666667,0
2026-04-23 | 20:06,ESP32_GH_01,27.1,90.4,6.666667,0
2026-04-23 | 20:06,ESP32_GH_01,27.2,90.4,6.666667,0
2026-04-23 | 20:07,ESP32_GH_01,27.1,90.4,6.666667,0
2026-04-23 | 20:07,ESP32_GH_01,27.2,90.4,6.666667,0
2026-04-23 | 20:07,ESP32_GH_01,27.2,90.4,6.666667,0
2026-04-23 | 20:07,ESP32_GH_01,27.2,90.3,6.666667,0
2026-04-23 | 20:07,ESP32_GH_01,27.2,90.4,6.666667,0
2026-04-23 | 20:07,ESP32_GH_01,27.2,90.2,7.5,0
2026-04-23 | 20:07,ESP32_GH_01,27.2,90.2,6.666667,0
2026-04-23 | 20:07,ESP32_GH_01,27.2,90.2,6.666667,0
2026-04-23 | 20:07,ESP32_GH_01,27.2,90.1,6.666667,0
2026-04-23 | 20:07,ESP32_GH_01,27.2,90.1,6.666667,0
2026-04-23 | 20:07,ESP32_GH_01,27.2,90,6.666667,0
2026-04-23 | 20:08,ESP32_GH_01,27.2,90,6.666667,0
2026-04-23 | 20:08,ESP32_GH_01,27.2,90,6.666667,0
2026-04-23 | 20:08,ESP32_GH_01,27.2,90,6.666667,0
2026-04-23 | 20:08,ESP32_GH_01,27.2,90,6.666667,0
2026-04-23 | 20:08,ESP32_GH_01,27.2,90,6.666667,0
2026-04-23 | 20:08,ESP32_GH_01,27.2,90,6.666667,0
2026-04-23 | 20:08,ESP32_GH_01,27.2,90.1,6.666667,0
2026-04-23 | 20:08,ESP32_GH_01,27.2,90.1,6.666667,0
2026-04-23 | 20:08,ESP32_GH_01,27.2,90.1,6.666667,0
2026-04-23 | 20:08,ESP32_GH_01,27.2,90.1,6.666667,0
2026-04-23 | 20:08,ESP32_GH_01,27.1,90.2,6.666667,0
2026-04-23 | 20:08,ESP32_GH_01,27.1,90.2,6.666667,0
2026-04-23 | 20:09,ESP32_GH_01,27.1,90.2,6.666667,0
2026-04-23 | 20:09,ESP32_GH_01,27.1,90.3,6.666667,0
2026-04-23 | 20:09,ESP32_GH_01,27.1,90.3,6.666667,0
2026-04-23 | 20:09,ESP32_GH_01,27.1,90.3,6.666667,0
2026-04-23 | 20:09,ESP32_GH_01,27.1,90.3,6.666667,0
2026-04-23 | 20:09,ESP32_GH_01,27.1,90.4,6.666667,0
2026-04-23 | 20:09,ESP32_GH_01,27.2,90.4,6.666667,0
2026-04-23 | 20:09,ESP32_GH_01,27.2,90.5,6.666667,0
2026-04-23 | 20:09,ESP32_GH_01,27.2,90.4,6.666667,0
2026-04-23 | 20:09,ESP32_GH_01,27.2,90.4,6.666667,0
2026-04-23 | 20:09,ESP32_GH_01,27.2,90.4,6.666667,0
2026-04-23 | 20:10,ESP32_GH_01,27.2,90.4,6.666667,0
2026-04-23 | 20:10,ESP32_GH_01,27.2,90.3,6.666667,0
2026-04-23 | 20:10,ESP32_GH_01,27.2,90.4,6.666667,0
2026-04-23 | 20:10,ESP32_GH_01,27.2,90.3,6.666667,0
2026-04-23 | 20:10,ESP32_GH_01,27.2,90.3,6.666667,0
2026-04-23 | 20:10,ESP32_GH_01,27.2,90.2,6.666667,0
2026-04-23 | 20:10,ESP32_GH_01,27.2,90.3,6.666667,0
2026-04-23 | 20:10,ESP32_GH_01,27.2,90.2,6.666667,0
2026-04-23 | 20:10,ESP32_GH_01,27.2,90.2,6.666667,0
2026-04-23 | 20:10,ESP32_GH_01,27.2,90.2,6.666667,0
2026-04-23 | 20:10,ESP32_GH_01,27.2,90.2,6.666667,0
2026-04-23 | 20:11,ESP32_GH_01,27.2,90.1,6.666667,0
2026-04-23 | 20:11,ESP32_GH_01,27.2,90.1,6.666667,0
2026-04-23 | 20:11,ESP32_GH_01,27.3,90.1,6.666667,0
2026-04-23 | 20:11,ESP32_GH_01,27.3,90,6.666667,0
2026-04-23 | 20:11,ESP32_GH_01,27.3,90.1,6.666667,0
2026-04-23 | 20:11,ESP32_GH_01,27.3,90,6.666667,0
2026-04-23 | 20:11,ESP32_GH_01,27.3,90,6.666667,0
2026-04-23 | 20:11,ESP32_GH_01,27.3,90,6.666667,0
2026-04-23 | 20:11,ESP32_GH_01,27.3,89.9,6.666667,0
2026-04-23 | 20:11,ESP32_GH_01,27.3,89.9,6.666667,0
2026-04-23 | 20:11,ESP32_GH_01,27.3,89.8,6.666667,0
2026-04-23 | 20:11,ESP32_GH_01,27.3,89.9,6.666667,0
2026-04-23 | 20:11,ESP32_GH_01,27.3,89.8,6.666667,0
2026-04-23 | 20:12,ESP32_GH_01,27.4,89.7,6.666667,0
2026-04-23 | 20:12,ESP32_GH_01,27.3,89.6,6.666667,0
2026-04-23 | 20:12,ESP32_GH_01,27.4,89.6,6.666667,0
2026-04-23 | 20:12,ESP32_GH_01,27.4,89.6,6.666667,0
2026-04-23 | 20:12,ESP32_GH_01,27.4,89.5,6.666667,0
2026-04-23 | 20:12,ESP32_GH_01,27.4,89.5,6.666667,0
2026-04-23 | 20:12,ESP32_GH_01,27.4,89.4,6.666667,0
2026-04-23 | 20:12,ESP32_GH_01,27.4,89.4,6.666667,0
2026-04-23 | 20:12,ESP32_GH_01,27.4,89.4,6.666667,0
2026-04-23 | 20:12,ESP32_GH_01,27.4,89.4,6.666667,0
2026-04-23 | 20:12,ESP32_GH_01,27.4,89.4,6.666667,0
2026-04-23 | 20:12,ESP32_GH_01,27.4,89.3,6.666667,0
2026-04-23 | 20:13,ESP32_GH_01,27.4,89.4,6.666667,0
2026-04-23 | 20:13,ESP32_GH_01,27.4,89.3,6.666667,0
2026-04-23 | 20:13,ESP32_GH_01,27.4,89.3,6.666667,0
2026-04-23 | 20:13,ESP32_GH_01,27.4,89.2,6.666667,0
2026-04-23 | 20:13,ESP32_GH_01,27.4,89.2,6.666667,0
2026-04-23 | 20:13,ESP32_GH_01,27.4,89.2,6.666667,0
2026-04-23 | 20:13,ESP32_GH_01,27.4,89.3,6.666667,0
2026-04-23 | 20:13,ESP32_GH_01,27.4,89.4,6.666667,0
2026-04-23 | 20:13,ESP32_GH_01,27.4,89.4,6.666667,0
2026-04-23 | 20:13,ESP32_GH_01,27.4,89.3,6.666667,0
2026-04-23 | 20:13,ESP32_GH_01,27.4,89.3,6.666667,0
2026-04-23 | 20:13,ESP32_GH_01,27.4,89.2,6.666667,0
2026-04-23 | 20:14,ESP32_GH_01,27.5,89.2,6.666667,0
2026-04-23 | 20:14,ESP32_GH_01,27.4,89.1,6.666667,0
2026-04-23 | 20:14,ESP32_GH_01,27.5,89,6.666667,0
2026-04-23 | 20:14,ESP32_GH_01,27.4,89,6.666667,0
2026-04-23 | 20:14,ESP32_GH_01,27.5,89,6.666667,0
2026-04-23 | 20:14,ESP32_GH_01,27.5,89,6.666667,0
2026-04-23 | 20:14,ESP32_GH_01,27.5,88.9,6.666667,0
2026-04-23 | 20:14,ESP32_GH_01,27.5,88.9,6.666667,0
2026-04-23 | 20:14,ESP32_GH_01,27.4,88.9,6.666667,0
2026-04-23 | 20:14,ESP32_GH_01,27.5,88.9,6.666667,0
2026-04-23 | 20:14,ESP32_GH_01,27.5,88.8,6.666667,0
2026-04-23 | 20:15,ESP32_GH_01,27.5,88.8,6.666667,0
2026-04-23 | 20:15,ESP32_GH_01,27.5,88.8,6.666667,0
2026-04-23 | 20:15,ESP32_GH_01,27.5,88.8,6.666667,0
2026-04-23 | 20:15,ESP32_GH_01,27.5,88.8,6.666667,0
2026-04-23 | 20:15,ESP32_GH_01,27.5,88.8,6.666667,0
2026-04-23 | 20:15,ESP32_GH_01,27.5,88.7,6.666667,0
2026-04-23 | 20:15,ESP32_GH_01,27.5,88.8,6.666667,0
2026-04-23 | 20:15,ESP32_GH_01,27.5,88.8,6.666667,0
2026-04-23 | 20:15,ESP32_GH_01,27.5,88.7,6.666667,0
2026-04-23 | 20:15,ESP32_GH_01,27.5,88.7,6.666667,0
2026-04-23 | 20:15,ESP32_GH_01,27.5,88.7,6.666667,0
2026-04-23 | 20:15,ESP32_GH_01,27.5,88.7,6.666667,0
2026-04-23 | 20:16,ESP32_GH_01,27.5,88.7,6.666667,0
2026-04-23 | 20:16,ESP32_GH_01,27.5,88.8,6.666667,0
2026-04-23 | 20:16,ESP32_GH_01,27.5,88.7,6.666667,0
2026-04-23 | 20:16,ESP32_GH_01,27.5,88.7,6.666667,0
2026-04-23 | 20:16,ESP32_GH_01,27.5,88.6,6.666667,0
2026-04-23 | 20:16,ESP32_GH_01,27.5,88.6,6.666667,0
2026-04-23 | 20:16,ESP32_GH_01,27.5,88.6,6.666667,0
2026-04-23 | 20:16,ESP32_GH_01,27.5,88.6,6.666667,0
2026-04-23 | 20:16,ESP32_GH_01,27.5,88.6,6.666667,0
2026-04-23 | 20:16,ESP32_GH_01,27.5,88.6,6.666667,0
2026-04-23 | 20:16,ESP32_GH_01,27.5,88.6,6.666667,0
2026-04-23 | 20:16,ESP32_GH_01,27.5,88.6,6.666667,0
2026-04-23 | 20:16,ESP32_GH_01,27.5,88.6,6.666667,0
2026-04-23 | 20:16,ESP32_GH_01,27.5,88.6,6.666667,0
2026-04-23 | 20:16,ESP32_GH_01,27.5,88.6,6.666667,0
2026-04-23 | 20:16,ESP32_GH_01,27.5,88.6,6.666667,0
2026-04-23 | 20:16,ESP32_GH_01,27.5,88.7,6.666667,0
2026-04-23 | 20:16,ESP32_GH_01,27.5,88.7,6.666667,0
2026-04-23 | 20:16,ESP32_GH_01,27.5,88.5,6.666667,0
2026-04-23 | 20:16,ESP32_GH_01,27.5,88.5,6.666667,0
2026-04-23 | 20:16,ESP32_GH_01,27.5,88.6,6.666667,0
2026-04-23 | 20:16,ESP32_GH_01,27.5,88.6,6.666667,0
2026-04-23 | 20:17,ESP32_GH_01,27.5,88.5,6.666667,0
2026-04-23 | 20:17,ESP32_GH_01,27.5,88.5,6.666667,0
2026-04-23 | 20:17,ESP32_GH_01,27.5,88.6,6.666667,0
2026-04-23 | 20:17,ESP32_GH_01,27.5,88.6,6.666667,0
2026-04-23 | 20:17,ESP32_GH_01,27.5,88.6,6.666667,0
2026-04-23 | 20:17,ESP32_GH_01,27.5,88.6,6.666667,0
2026-04-23 | 20:17,ESP32_GH_01,27.5,88.5,6.666667,0
2026-04-23 | 20:17,ESP32_GH_01,27.5,88.5,6.666667,0
2026-04-23 | 20:17,ESP32_GH_01,27.5,88.5,6.666667,0
2026-04-23 | 20:17,ESP32_GH_01,27.5,88.5,6.666667,0
2026-04-23 | 20:17,ESP32_GH_01,27.5,88.6,6.666667,0
2026-04-23 | 20:17,ESP32_GH_01,27.5,88.6,6.666667,0
2026-04-23 | 20:17,ESP32_GH_01,27.5,88.5,6.666667,0
2026-04-23 | 20:17,ESP32_GH_01,27.5,88.5,6.666667,0
2026-04-23 | 20:17,ESP32_GH_01,27.5,88.5,6.666667,0
2026-04-23 | 20:17,ESP32_GH_01,27.5,88.5,6.666667,0
2026-04-23 | 20:17,ESP32_GH_01,27.5,88.4,6.666667,0
2026-04-23 | 20:17,ESP32_GH_01,27.5,88.5,6.666667,0
2026-04-23 | 20:17,ESP32_GH_01,27.5,88.5,6.666667,0
2026-04-23 | 20:17,ESP32_GH_01,27.5,88.5,6.666667,0
2026-04-23 | 20:18,ESP32_GH_01,27.5,88.5,6.666667,0
2026-04-23 | 20:18,ESP32_GH_01,27.5,88.5,6.666667,0
2026-04-23 | 20:18,ESP32_GH_01,27.5,88.5,6.666667,0
2026-04-23 | 20:18,ESP32_GH_01,27.5,88.5,6.666667,0
2026-04-23 | 20:18,ESP32_GH_01,27.4,88.5,6.666667,0
2026-04-23 | 20:18,ESP32_GH_01,27.5,88.5,6.666667,0
2026-04-23 | 20:18,ESP32_GH_01,27.4,88.5,6.666667,0
2026-04-23 | 20:18,ESP32_GH_01,27.4,88.6,6.666667,0
2026-04-23 | 20:18,ESP32_GH_01,27.4,88.6,6.666667,0
2026-04-23 | 20:18,ESP32_GH_01,27.4,88.6,6.666667,0
2026-04-23 | 20:18,ESP32_GH_01,27.4,88.6,6.666667,0
2026-04-23 | 20:18,ESP32_GH_01,27.4,88.6,6.666667,0
2026-04-23 | 20:19,ESP32_GH_01,27.4,88.7,6.666667,0
2026-04-23 | 20:19,ESP32_GH_01,27.4,88.6,6.666667,0
2026-04-23 | 20:19,ESP32_GH_01,27.4,88.6,6.666667,0
2026-04-23 | 20:19,ESP32_GH_01,27.4,88.6,6.666667,0
2026-04-23 | 20:19,ESP32_GH_01,27.4,88.6,6.666667,0
2026-04-23 | 20:19,ESP32_GH_01,27.4,88.7,6.666667,0
2026-04-23 | 20:19,ESP32_GH_01,27.4,88.7,6.666667,0
2026-04-23 | 20:19,ESP32_GH_01,27.4,88.7,6.666667,0
2026-04-23 | 20:19,ESP32_GH_01,27.4,88.8,6.666667,0
2026-04-23 | 20:19,ESP32_GH_01,27.4,88.8,6.666667,0
2026-04-23 | 20:19,ESP32_GH_01,27.4,88.9,6.666667,0
2026-04-23 | 20:20,ESP32_GH_01,27.4,88.9,6.666667,0
2026-04-23 | 20:20,ESP32_GH_01,27.3,88.9,6.666667,0
2026-04-23 | 20:20,ESP32_GH_01,27.3,88.9,6.666667,0
2026-04-23 | 20:20,ESP32_GH_01,27.3,88.9,6.666667,0
2026-04-23 | 20:20,ESP32_GH_01,27.3,89,6.666667,0
2026-04-23 | 20:20,ESP32_GH_01,27.3,89,6.666667,0
2026-04-23 | 20:20,ESP32_GH_01,27.3,89,6.666667,0
2026-04-23 | 20:20,ESP32_GH_01,27.3,89.1,6.666667,0
2026-04-23 | 20:20,ESP32_GH_01,27.3,89.1,6.666667,0
2026-04-23 | 20:20,ESP32_GH_01,27.3,89.1,6.666667,0
2026-04-23 | 20:20,ESP32_GH_01,27.3,89.1,6.666667,0
2026-04-23 | 20:20,ESP32_GH_01,27.3,89.1,6.666667,0
2026-04-23 | 20:21,ESP32_GH_01,27.3,89.3,6.666667,0
2026-04-23 | 20:21,ESP32_GH_01,27.3,89.2,6.666667,0
2026-04-23 | 20:21,ESP32_GH_01,27.3,89.2,6.666667,0
2026-04-23 | 20:21,ESP32_GH_01,27.3,89.2,6.666667,0
2026-04-23 | 20:21,ESP32_GH_01,27.3,89.2,6.666667,0
2026-04-23 | 20:21,ESP32_GH_01,27.3,89.2,6.666667,0
2026-04-23 | 20:21,ESP32_GH_01,27.3,89.2,6.666667,0
2026-04-23 | 20:21,ESP32_GH_01,27.3,89.2,6.666667,0
2026-04-23 | 20:21,ESP32_GH_01,27.3,89.2,6.666667,0
2026-04-23 | 20:21,ESP32_GH_01,27.3,89.2,6.666667,0
2026-04-23 | 20:21,ESP32_GH_01,27.3,89.2,6.666667,0
2026-04-23 | 20:21,ESP32_GH_01,27.3,89.2,6.666667,0
2026-04-23 | 20:22,ESP32_GH_01,27.2,89.2,6.666667,0
2026-04-23 | 20:22,ESP32_GH_01,27.3,89.2,6.666667,0
2026-04-23 | 20:22,ESP32_GH_01,27.3,89.1,6.666667,0
2026-04-23 | 20:22,ESP32_GH_01,27.3,89.1,6.666667,0
2026-04-23 | 20:22,ESP32_GH_01,27.2,89.2,6.666667,0
2026-04-23 | 20:22,ESP32_GH_01,27.3,89.2,6.666667,0
2026-04-23 | 20:22,ESP32_GH_01,27.2,89.2,6.666667,0
2026-04-23 | 20:22,ESP32_GH_01,27.2,89.2,6.666667,0
2026-04-23 | 20:22,ESP32_GH_01,27.2,89.3,6.666667,0
2026-04-23 | 20:22,ESP32_GH_01,27.2,89.4,6.666667,0
2026-04-23 | 20:22,ESP32_GH_01,27.2,89.3,6.666667,0
2026-04-23 | 20:22,ESP32_GH_01,27.2,89.3,6.666667,0
2026-04-23 | 20:23,ESP32_GH_01,27.2,89.4,6.666667,0
2026-04-23 | 20:23,ESP32_GH_01,27.2,89.3,6.666667,0
2026-04-23 | 20:23,ESP32_GH_01,27.2,89.4,6.666667,0
2026-04-23 | 20:23,ESP32_GH_01,27.2,89.4,6.666667,0
2026-04-23 | 20:23,ESP32_GH_01,27.1,89.4,6.666667,0
2026-04-23 | 20:23,ESP32_GH_01,27.2,89.4,6.666667,0
2026-04-23 | 20:23,ESP32_GH_01,27.1,89.5,6.666667,0
2026-04-23 | 20:23,ESP32_GH_01,27.1,89.5,6.666667,0
2026-04-23 | 20:23,ESP32_GH_01,27.1,89.5,6.666667,0
2026-04-23 | 20:23,ESP32_GH_01,27.1,89.6,6.666667,0
2026-04-23 | 20:23,ESP32_GH_01,27.1,89.6,6.666667,0
2026-04-23 | 20:24,ESP32_GH_01,27.1,89.7,6.666667,0
2026-04-23 | 20:24,ESP32_GH_01,27.1,89.7,6.666667,0
2026-04-23 | 20:24,ESP32_GH_01,27.1,89.7,6.666667,0
2026-04-23 | 20:24,ESP32_GH_01,27.1,89.7,6.666667,0
2026-04-23 | 20:24,ESP32_GH_01,27.1,89.7,6.666667,0
2026-04-23 | 20:24,ESP32_GH_01,27.1,89.7,6.666667,0
2026-04-23 | 20:24,ESP32_GH_01,27.1,89.7,6.666667,0
2026-04-23 | 20:24,ESP32_GH_01,27.1,89.7,6.666667,0
2026-04-23 | 20:24,ESP32_GH_01,27.1,89.7,6.666667,0
2026-04-23 | 20:24,ESP32_GH_01,27.1,89.7,6.666667,0
2026-04-23 | 20:24,ESP32_GH_01,27.1,89.7,6.666667,0
2026-04-23 | 20:25,ESP32_GH_01,27,89.8,6.666667,0
2026-04-23 | 20:25,ESP32_GH_01,27,89.8,6.666667,0
2026-04-23 | 20:25,ESP32_GH_01,27,89.9,6.666667,0
2026-04-23 | 20:25,ESP32_GH_01,27.1,89.9,6.666667,0
2026-04-23 | 20:25,ESP32_GH_01,27,89.9,6.666667,0
2026-04-23 | 20:25,ESP32_GH_01,27,90,6.666667,0
2026-04-23 | 20:25,ESP32_GH_01,27,90.1,6.666667,0
2026-04-23 | 20:25,ESP32_GH_01,27,90,6.666667,0
2026-04-23 | 20:25,ESP32_GH_01,27,90.1,6.666667,0
2026-04-23 | 20:25,ESP32_GH_01,27,90.1,6.666667,0
2026-04-23 | 20:25,ESP32_GH_01,27,90,6.666667,0
2026-04-23 | 20:25,ESP32_GH_01,27,90.1,6.666667,0
2026-04-23 | 20:25,ESP32_GH_01,27,90.1,6.666667,0
2026-04-23 | 20:26,ESP32_GH_01,27,90,6.666667,0
2026-04-23 | 20:26,ESP32_GH_01,27,90.2,6.666667,0
2026-04-23 | 20:26,ESP32_GH_01,27,90.1,6.666667,0
2026-04-23 | 20:26,ESP32_GH_01,27,90.2,6.666667,0
2026-04-23 | 20:26,ESP32_GH_01,27,90.2,6.666667,0
2026-04-23 | 20:26,ESP32_GH_01,26.9,90.2,6.666667,0
2026-04-23 | 20:26,ESP32_GH_01,27,90.2,6.666667,0
2026-04-23 | 20:26,ESP32_GH_01,26.9,90.2,6.666667,0
2026-04-23 | 20:26,ESP32_GH_01,26.9,90.2,6.666667,0
2026-04-23 | 20:26,ESP32_GH_01,26.9,90.3,6.666667,0
2026-04-23 | 20:26,ESP32_GH_01,26.9,90.3,6.666667,0
2026-04-23 | 20:27,ESP32_GH_01,26.9,90.4,6.666667,0
2026-04-23 | 20:27,ESP32_GH_01,26.9,90.4,6.666667,0
2026-04-23 | 20:27,ESP32_GH_01,26.9,90.5,6.666667,0
2026-04-23 | 20:27,ESP32_GH_01,26.9,90.4,6.666667,0
2026-04-23 | 20:27,ESP32_GH_01,26.9,90.5,6.666667,0
2026-04-23 | 20:27,ESP32_GH_01,26.9,90.5,6.666667,0
2026-04-23 | 20:27,ESP32_GH_01,26.9,90.5,6.666667,0
2026-04-23 | 20:27,ESP32_GH_01,26.9,90.6,6.666667,0
2026-04-23 | 20:27,ESP32_GH_01,26.8,90.6,6.666667,0
2026-04-23 | 20:27,ESP32_GH_01,26.9,90.5,6.666667,0
2026-04-23 | 20:27,ESP32_GH_01,26.9,90.6,6.666667,0
2026-04-23 | 20:27,ESP32_GH_01,26.9,90.6,6.666667,0
2026-04-23 | 20:27,ESP32_GH_01,26.9,90.6,6.666667,0
2026-04-23 | 20:28,ESP32_GH_01,26.9,90.7,6.666667,0
2026-04-23 | 20:28,ESP32_GH_01,26.9,90.7,6.666667,0
2026-04-23 | 20:28,ESP32_GH_01,26.9,90.7,6.666667,0
2026-04-23 | 20:28,ESP32_GH_01,26.9,90.7,6.666667,0
2026-04-23 | 20:28,ESP32_GH_01,26.9,90.7,6.666667,0
2026-04-23 | 20:28,ESP32_GH_01,26.9,90.7,6.666667,0
2026-04-23 | 20:28,ESP32_GH_01,26.9,90.7,6.666667,0
2026-04-23 | 20:28,ESP32_GH_01,26.9,90.7,6.666667,0
2026-04-23 | 20:28,ESP32_GH_01,26.9,90.7,6.666667,0
2026-04-23 | 20:28,ESP32_GH_01,26.9,90.7,6.666667,0
2026-04-23 | 20:28,ESP32_GH_01,26.9,90.8,6.666667,0
2026-04-23 | 20:29,ESP32_GH_01,26.9,90.8,6.666667,0
2026-04-23 | 20:29,ESP32_GH_01,26.9,90.8,6.666667,0
2026-04-23 | 20:29,ESP32_GH_01,26.9,90.8,6.666667,0
2026-04-23 | 20:29,ESP32_GH_01,26.9,90.7,6.666667,0
2026-04-23 | 20:29,ESP32_GH_01,26.9,90.7,6.666667,0
2026-04-23 | 20:29,ESP32_GH_01,26.9,90.7,6.666667,0
2026-04-23 | 20:29,ESP32_GH_01,26.9,90.6,6.666667,0
2026-04-23 | 20:29,ESP32_GH_01,27,90.7,6.666667,0
2026-04-23 | 20:29,ESP32_GH_01,26.9,90.6,6.666667,0
2026-04-23 | 20:29,ESP32_GH_01,27,90.6,6.666667,0
2026-04-23 | 20:29,ESP32_GH_01,27,90.5,6.666667,0
2026-04-23 | 20:29,ESP32_GH_01,27,90.6,6.666667,0
2026-04-23 | 20:30,ESP32_GH_01,26.9,90.5,6.666667,0
2026-04-23 | 20:30,ESP32_GH_01,27,90.5,6.666667,0
2026-04-23 | 20:30,ESP32_GH_01,27,90.5,6.666667,0
2026-04-23 | 20:30,ESP32_GH_01,27,90.4,6.666667,0
2026-04-23 | 20:30,ESP32_GH_01,27,90.5,6.666667,0
2026-04-23 | 20:30,ESP32_GH_01,27,90.5,6.666667,0
2026-04-23 | 20:30,ESP32_GH_01,27,90.4,6.666667,0
2026-04-23 | 20:30,ESP32_GH_01,27,90.3,6.666667,0
2026-04-23 | 20:30,ESP32_GH_01,27,90.3,6.666667,0
2026-04-23 | 20:30,ESP32_GH_01,27,90.2,6.666667,0
2026-04-23 | 20:30,ESP32_GH_01,27,90.3,6.666667,0
2026-04-23 | 20:30,ESP32_GH_01,27.1,90.2,6.666667,0
2026-04-23 | 20:31,ESP32_GH_01,27,90.2,6.666667,0
2026-04-23 | 20:31,ESP32_GH_01,27.1,90.2,6.666667,0
2026-04-23 | 20:31,ESP32_GH_01,27.1,90.1,6.666667,0
2026-04-23 | 20:31,ESP32_GH_01,27.1,90.1,6.666667,0
2026-04-23 | 20:31,ESP32_GH_01,27,90,6.666667,0
2026-04-23 | 20:31,ESP32_GH_01,27,89.9,6.666667,0
2026-04-23 | 20:31,ESP32_GH_01,27,90,6.666667,0
2026-04-23 | 20:31,ESP32_GH_01,27.1,89.9,6.666667,0
2026-04-23 | 20:31,ESP32_GH_01,27,89.9,6.666667,0
2026-04-23 | 20:31,ESP32_GH_01,27.1,90,6.666667,0
2026-04-23 | 20:31,ESP32_GH_01,27.1,90,6.666667,0
2026-04-23 | 20:31,ESP32_GH_01,27.1,90,6.666667,0
2026-04-23 | 20:32,ESP32_GH_01,27.1,90,6.666667,0
2026-04-23 | 20:32,ESP32_GH_01,27.1,90,6.666667,0
2026-04-23 | 20:32,ESP32_GH_01,27.1,90,6.666667,0
2026-04-23 | 20:32,ESP32_GH_01,27.1,90,6.666667,0
2026-04-23 | 20:32,ESP32_GH_01,27.1,90,6.666667,0
2026-04-23 | 20:32,ESP32_GH_01,27.1,89.9,6.666667,0
2026-04-23 | 20:32,ESP32_GH_01,27.1,89.9,6.666667,0
2026-04-23 | 20:32,ESP32_GH_01,27.1,89.9,6.666667,0
2026-04-23 | 20:32,ESP32_GH_01,27.1,89.9,6.666667,0
2026-04-23 | 20:32,ESP32_GH_01,27.1,89.8,6.666667,0
2026-04-23 | 20:32,ESP32_GH_01,27.1,89.8,6.666667,0
2026-04-23 | 20:33,ESP32_GH_01,27.1,89.8,6.666667,0
2026-04-23 | 20:33,ESP32_GH_01,27.1,89.8,6.666667,0
2026-04-23 | 20:33,ESP32_GH_01,27.1,89.7,6.666667,0
2026-04-23 | 20:33,ESP32_GH_01,27.1,89.8,6.666667,0
2026-04-23 | 20:33,ESP32_GH_01,27.1,89.8,6.666667,0
2026-04-23 | 20:33,ESP32_GH_01,27.1,89.7,6.666667,0
2026-04-23 | 20:33,ESP32_GH_01,27.1,89.8,6.666667,0
2026-04-23 | 20:33,ESP32_GH_01,27.1,89.8,6.666667,0
2026-04-23 | 20:33,ESP32_GH_01,27.1,89.8,6.666667,0
2026-04-23 | 20:33,ESP32_GH_01,27.1,89.8,6.666667,0
2026-04-23 | 20:33,ESP32_GH_01,27.1,89.8,6.666667,0
2026-04-23 | 20:33,ESP32_GH_01,27.1,89.8,6.666667,0
2026-04-23 | 20:34,ESP32_GH_01,27.1,89.8,6.666667,0
2026-04-23 | 20:34,ESP32_GH_01,27.1,89.9,6.666667,0
2026-04-23 | 20:34,ESP32_GH_01,27.1,90,6.666667,0
2026-04-23 | 20:34,ESP32_GH_01,27,90,6.666667,0
2026-04-23 | 20:34,ESP32_GH_01,27,90,6.666667,0
2026-04-23 | 20:34,ESP32_GH_01,27,90,6.666667,0
2026-04-23 | 20:34,ESP32_GH_01,27,90.1,6.666667,0
2026-04-23 | 20:34,ESP32_GH_01,27,90,6.666667,0
2026-04-23 | 20:34,ESP32_GH_01,27,90.1,6.666667,0
2026-04-23 | 20:34,ESP32_GH_01,27,90.2,6.666667,0
2026-04-23 | 20:34,ESP32_GH_01,27,90.2,6.666667,0
2026-04-23 | 20:35,ESP32_GH_01,27,90.3,6.666667,0
2026-04-23 | 20:35,ESP32_GH_01,27,90.4,6.666667,0
2026-04-23 | 20:35,ESP32_GH_01,27,90.4,6.666667,0
2026-04-23 | 20:35,ESP32_GH_01,27,90.3,6.666667,0
2026-04-23 | 20:35,ESP32_GH_01,27,90.4,6.666667,0
2026-04-23 | 20:35,ESP32_GH_01,27,90.5,6.666667,0
2026-04-23 | 20:35,ESP32_GH_01,27,90.5,6.666667,0
2026-04-23 | 20:35,ESP32_GH_01,27,90.5,6.666667,0
2026-04-23 | 20:35,ESP32_GH_01,27,90.6,6.666667,0
2026-04-23 | 20:35,ESP32_GH_01,27,90.5,6.666667,0
2026-04-23 | 20:35,ESP32_GH_01,27,90.5,6.666667,0
2026-04-23 | 20:36,ESP32_GH_01,27,90.6,6.666667,0
2026-04-23 | 20:36,ESP32_GH_01,27,90.6,6.666667,0
2026-04-23 | 20:36,ESP32_GH_01,27,90.6,6.666667,0
2026-04-23 | 20:36,ESP32_GH_01,27,90.6,6.666667,0
2026-04-23 | 20:36,ESP32_GH_01,27,90.6,6.666667,0
2026-04-23 | 20:36,ESP32_GH_01,27,90.7,6.666667,0
2026-04-23 | 20:36,ESP32_GH_01,27,90.6,6.666667,0
2026-04-23 | 20:36,ESP32_GH_01,27,90.7,6.666667,0
2026-04-23 | 20:36,ESP32_GH_01,27,90.6,6.666667,0
2026-04-23 | 20:36,ESP32_GH_01,27,90.7,6.666667,0
2026-04-23 | 20:36,ESP32_GH_01,27,90.7,6.666667,0
2026-04-23 | 20:36,ESP32_GH_01,27,90.7,6.666667,0
2026-04-23 | 20:50,ESP32_GH_01,27,91,6.666667,0
2026-04-23 | 20:50,ESP32_GH_01,27,91,6.666667,0
2026-04-23 | 20:51,ESP32_GH_01,27,90.9,6.666667,0
2026-04-23 | 20:51,ESP32_GH_01,27,90.8,6.666667,0
2026-04-23 | 20:51,ESP32_GH_01,27.1,90.8,6.666667,0
2026-04-23 | 20:51,ESP32_GH_01,27.1,90.7,6.666667,0
2026-04-23 | 20:51,ESP32_GH_01,27.1,90.7,6.666667,0
2026-04-23 | 20:51,ESP32_GH_01,27.1,90.7,6.666667,0
2026-04-23 | 20:52,ESP32_GH_01,27.1,90.7,6.666667,0
2026-04-23 | 20:52,ESP32_GH_01,27.1,90.5,6.666667,0
2026-04-23 | 20:52,ESP32_GH_01,27.1,90.5,6.666667,0
2026-04-23 | 20:52,ESP32_GH_01,27.1,90.5,6.666667,0
2026-04-23 | 20:52,ESP32_GH_01,27.1,90.5,6.666667,0
2026-04-23 | 20:52,ESP32_GH_01,27.1,90.4,6.666667,0
2026-04-23 | 20:52,ESP32_GH_01,27.1,90.4,6.666667,0
2026-04-23 | 20:52,ESP32_GH_01,27.2,90.4,6.666667,0
2026-04-23 | 20:52,ESP32_GH_01,27.1,90.3,6.666667,0
2026-04-23 | 20:52,ESP32_GH_01,27.1,90.3,6.666667,0
2026-04-23 | 20:52,ESP32_GH_01,27.1,90.3,6.666667,0
2026-04-23 | 20:52,ESP32_GH_01,27.2,90.3,6.666667,0
2026-04-23 | 20:53,ESP32_GH_01,27.1,90.3,6.666667,0
2026-04-23 | 20:53,ESP32_GH_01,27.1,90.3,6.666667,0
2026-04-23 | 20:53,ESP32_GH_01,27.2,90.2,6.666667,0
2026-04-23 | 20:53,ESP32_GH_01,27.2,90.2,6.666667,0
2026-04-23 | 20:53,ESP32_GH_01,27.2,90.2,6.666667,0
2026-04-23 | 20:53,ESP32_GH_01,27.2,90.2,6.666667,0
2026-04-23 | 20:53,ESP32_GH_01,27.2,90.2,6.666667,0
2026-04-23 | 20:53,ESP32_GH_01,27.2,90.2,6.666667,0
2026-04-23 | 20:53,ESP32_GH_01,27.2,90.2,6.666667,0
2026-04-23 | 20:53,ESP32_GH_01,27.2,90.2,6.666667,0
2026-04-23 | 20:53,ESP32_GH_01,27.2,90.2,6.666667,0
2026-04-23 | 20:53,ESP32_GH_01,27.2,90.2,6.666667,0
2026-04-23 | 20:54,ESP32_GH_01,27.2,90.1,6.666667,0
2026-04-23 | 20:54,ESP32_GH_01,27.2,90.1,6.666667,0
2026-04-23 | 20:54,ESP32_GH_01,27.2,90.1,6.666667,0
2026-04-23 | 20:54,ESP32_GH_01,27.2,90.1,6.666667,0
2026-04-23 | 20:54,ESP32_GH_01,27.2,90.1,6.666667,0
2026-04-23 | 20:54,ESP32_GH_01,27.2,90.1,6.666667,0
2026-04-23 | 20:54,ESP32_GH_01,27.2,90.1,6.666667,10
2026-04-23 | 20:54,ESP32_GH_01,27.2,90,6.666667,0
2026-04-23 | 20:54,ESP32_GH_01,27.2,90,6.666667,0
2026-04-23 | 20:54,ESP32_GH_01,27.2,90.1,6.666667,0
2026-04-23 | 20:54,ESP32_GH_01,27.3,90,6.666667,0
2026-04-23 | 20:54,ESP32_GH_01,27.3,90,6.666667,0
2026-04-23 | 20:55,ESP32_GH_01,27.3,89.9,6.666667,0
2026-04-23 | 20:55,ESP32_GH_01,27.3,89.9,6.666667,0
2026-04-23 | 20:55,ESP32_GH_01,27.3,89.8,6.666667,0
2026-04-23 | 20:55,ESP32_GH_01,27.3,89.8,6.666667,0
2026-04-23 | 20:55,ESP32_GH_01,27.3,89.8,6.666667,0
2026-04-23 | 20:55,ESP32_GH_01,27.3,89.8,6.666667,0
2026-04-23 | 20:55,ESP32_GH_01,27.3,89.7,6.666667,0
2026-04-23 | 20:55,ESP32_GH_01,27.3,89.8,6.666667,0
2026-04-23 | 20:55,ESP32_GH_01,27.3,89.7,6.666667,0
2026-04-23 | 20:55,ESP32_GH_01,27.3,89.7,6.666667,0
2026-04-23 | 20:55,ESP32_GH_01,27.3,89.7,6.666667,0
2026-04-23 | 20:55,ESP32_GH_01,27.3,89.6,6.666667,0
2026-04-23 | 20:56,ESP32_GH_01,27.4,89.6,6.666667,0
2026-04-23 | 20:56,ESP32_GH_01,27.3,89.7,6.666667,0
2026-04-23 | 20:56,ESP32_GH_01,27.3,89.6,6.666667,0
2026-04-23 | 20:56,ESP32_GH_01,27.4,89.6,6.666667,0
2026-04-23 | 20:56,ESP32_GH_01,27.4,89.6,6.666667,0
2026-04-23 | 20:56,ESP32_GH_01,27.4,89.5,6.666667,0
2026-04-23 | 20:56,ESP32_GH_01,27.4,89.4,6.666667,0
2026-04-23 | 20:56,ESP32_GH_01,27.4,89.5,6.666667,0
2026-04-23 | 20:56,ESP32_GH_01,27.4,89.5,6.666667,0
2026-04-23 | 20:56,ESP32_GH_01,27.4,89.5,6.666667,0
2026-04-23 | 20:56,ESP32_GH_01,27.4,89.4,6.666667,0
2026-04-23 | 20:57,ESP32_GH_01,27.4,89.4,6.666667,0
2026-04-23 | 20:57,ESP32_GH_01,27.4,89.4,6.666667,0
2026-04-23 | 20:57,ESP32_GH_01,27.4,89.4,6.666667,0
2026-04-23 | 20:57,ESP32_GH_01,27.4,89.4,6.666667,0
2026-04-23 | 20:57,ESP32_GH_01,27.4,89.4,6.666667,0
2026-04-23 | 20:57,ESP32_GH_01,27.4,89.4,6.666667,0
2026-04-23 | 20:57,ESP32_GH_01,27.4,89.4,6.666667,0
2026-04-23 | 20:57,ESP32_GH_01,27.4,89.4,6.666667,0
2026-04-23 | 20:57,ESP32_GH_01,27.4,89.3,6.666667,0
2026-04-23 | 20:57,ESP32_GH_01,27.4,89.3,6.666667,0
2026-04-23 | 20:58,ESP32_GH_01,27.4,89.3,6.666667,0
2026-04-23 | 20:58,ESP32_GH_01,27.4,89.2,6.666667,0
2026-04-23 | 20:58,ESP32_GH_01,27.4,89.2,6.666667,0
2026-04-23 | 20:58,ESP32_GH_01,27.4,89.2,6.666667,0
2026-04-23 | 20:58,ESP32_GH_01,27.4,89.2,6.666667,0
2026-04-23 | 20:58,ESP32_GH_01,27.4,89.2,6.666667,0
2026-04-23 | 20:58,ESP32_GH_01,27.4,89.1,6.666667,0
2026-04-23 | 20:58,ESP32_GH_01,27.4,89.1,6.666667,0
2026-04-23 | 20:58,ESP32_GH_01,27.4,89.1,6.666667,0
2026-04-23 | 20:59,ESP32_GH_01,27.4,89.2,6.666667,0
2026-04-23 | 20:59,ESP32_GH_01,27.5,89,6.666667,0
2026-04-23 | 20:59,ESP32_GH_01,27.5,89.2,6.666667,0
2026-04-23 | 20:59,ESP32_GH_01,27.5,89,6.666667,0
2026-04-23 | 20:59,ESP32_GH_01,27.5,89,6.666667,0
2026-04-23 | 20:59,ESP32_GH_01,27.5,88.9,6.666667,0
2026-04-23 | 21:00,ESP32_GH_01,27.5,89,6.666667,0
2026-04-23 | 21:00,ESP32_GH_01,27.5,89,6.666667,0
2026-04-23 | 21:00,ESP32_GH_01,27.5,88.9,6.666667,0
2026-04-23 | 21:00,ESP32_GH_01,27.5,89,6.666667,0
2026-04-23 | 21:00,ESP32_GH_01,27.5,88.9,6.666667,0
2026-04-23 | 21:00,ESP32_GH_01,27.4,88.9,6.666667,0
2026-04-23 | 21:00,ESP32_GH_01,27.5,88.9,6.666667,0
2026-04-23 | 21:00,ESP32_GH_01,27.5,88.9,6.666667,0
2026-04-23 | 21:00,ESP32_GH_01,27.5,88.9,6.666667,0
2026-04-23 | 21:00,ESP32_GH_01,27.5,88.9,6.666667,0
2026-04-23 | 21:00,ESP32_GH_01,27.5,88.9,6.666667,0
2026-04-23 | 21:00,ESP32_GH_01,27.5,88.9,6.666667,0
2026-04-23 | 21:01,ESP32_GH_01,27.5,88.9,6.666667,0
2026-04-23 | 21:01,ESP32_GH_01,27.5,88.9,6.666667,0
2026-04-23 | 21:01,ESP32_GH_01,27.5,89,6.666667,0
2026-04-23 | 21:01,ESP32_GH_01,27.5,88.9,6.666667,0
2026-04-23 | 21:01,ESP32_GH_01,27.5,88.9,6.666667,0
2026-04-23 | 21:02,ESP32_GH_01,27.5,88.8,6.666667,0
2026-04-23 | 21:02,ESP32_GH_01,27.5,88.7,6.666667,0
2026-04-23 | 21:02,ESP32_GH_01,27.5,88.7,6.666667,0
2026-04-23 | 21:02,ESP32_GH_01,27.5,88.8,6.666667,0
2026-04-23 | 21:02,ESP32_GH_01,27.5,88.8,6.666667,0
2026-04-23 | 21:02,ESP32_GH_01,27.5,88.8,6.666667,0
2026-04-23 | 21:03,ESP32_GH_01,27.5,88.7,6.666667,0
2026-04-23 | 21:03,ESP32_GH_01,27.5,88.7,6.666667,0
2026-04-23 | 21:03,ESP32_GH_01,27.5,88.7,6.666667,0
2026-04-23 | 21:03,ESP32_GH_01,27.5,88.7,6.666667,0
2026-04-23 | 21:03,ESP32_GH_01,27.5,88.7,6.666667,0
2026-04-23 | 21:03,ESP32_GH_01,27.5,88.7,6.666667,0
2026-04-23 | 21:03,ESP32_GH_01,27.5,88.7,6.666667,0
2026-04-23 | 21:03,ESP32_GH_01,27.5,88.7,6.666667,0
2026-04-23 | 21:03,ESP32_GH_01,27.5,88.7,6.666667,0
2026-04-23 | 21:03,ESP32_GH_01,27.5,88.8,6.666667,0
2026-04-23 | 21:03,ESP32_GH_01,27.5,88.7,6.666667,0
2026-04-23 | 21:04,ESP32_GH_01,27.5,88.7,6.666667,0
2026-04-23 | 21:04,ESP32_GH_01,27.5,88.9,6.666667,0
2026-04-23 | 21:04,ESP32_GH_01,27.5,88.8,6.666667,0
2026-04-23 | 21:04,ESP32_GH_01,27.5,88.8,6.666667,0
2026-04-23 | 21:04,ESP32_GH_01,27.5,88.8,6.666667,0
2026-04-23 | 21:04,ESP32_GH_01,27.5,88.7,6.666667,0
2026-04-23 | 21:04,ESP32_GH_01,27.5,88.7,6.666667,0
2026-04-23 | 21:04,ESP32_GH_01,27.5,88.7,6.666667,0
2026-04-23 | 21:04,ESP32_GH_01,27.5,88.7,6.666667,0
2026-04-23 | 21:05,ESP32_GH_01,27.5,88.7,6.666667,0
2026-04-23 | 21:05,ESP32_GH_01,27.5,88.7,6.666667,0
2026-04-23 | 21:05,ESP32_GH_01,27.5,88.8,6.666667,0
2026-04-23 | 21:05,ESP32_GH_01,27.5,88.7,6.666667,0
2026-04-23 | 21:05,ESP32_GH_01,27.5,88.8,6.666667,0
2026-04-23 | 21:05,ESP32_GH_01,27.5,88.8,6.666667,0
2026-04-23 | 21:05,ESP32_GH_01,27.5,88.7,6.666667,0
2026-04-23 | 21:05,ESP32_GH_01,27.5,88.7,6.666667,0
2026-04-23 | 21:05,ESP32_GH_01,27.5,88.7,6.666667,0
2026-04-23 | 21:05,ESP32_GH_01,27.5,88.7,6.666667,0
2026-04-23 | 21:05,ESP32_GH_01,27.5,88.7,6.666667,0
2026-04-23 | 21:06,ESP32_GH_01,27.5,88.8,6.666667,0
2026-04-23 | 21:06,ESP32_GH_01,27.5,88.8,6.666667,0
2026-04-23 | 21:06,ESP32_GH_01,27.5,88.8,6.666667,0
2026-04-23 | 21:06,ESP32_GH_01,27.5,88.8,6.666667,0
2026-04-23 | 21:06,ESP32_GH_01,27.5,88.8,6.666667,0
2026-04-23 | 21:06,ESP32_GH_01,27.5,88.8,6.666667,0
2026-04-23 | 21:06,ESP32_GH_01,27.5,88.7,6.666667,0
2026-04-23 | 21:06,ESP32_GH_01,27.5,88.7,6.666667,0
2026-04-23 | 21:06,ESP32_GH_01,27.5,88.7,6.666667,0
2026-04-23 | 21:06,ESP32_GH_01,27.5,88.7,6.666667,0
2026-04-23 | 21:06,ESP32_GH_01,27.5,88.7,6.666667,0
2026-04-23 | 21:06,ESP32_GH_01,27.5,88.7,6.666667,0
2026-04-23 | 21:07,ESP32_GH_01,27.5,88.6,6.666667,0
2026-04-23 | 21:07,ESP32_GH_01,27.5,88.7,6.666667,0
2026-04-23 | 21:07,ESP32_GH_01,27.5,88.7,6.666667,0
2026-04-23 | 21:07,ESP32_GH_01,27.5,88.6,6.666667,0
2026-04-23 | 21:07,ESP32_GH_01,27.5,88.6,6.666667,0
2026-04-23 | 21:07,ESP32_GH_01,27.5,88.6,6.666667,0
2026-04-23 | 21:07,ESP32_GH_01,27.5,88.6,6.666667,0
2026-04-23 | 21:07,ESP32_GH_01,27.5,88.7,6.666667,0
2026-04-23 | 21:07,ESP32_GH_01,27.5,88.7,6.666667,0
2026-04-23 | 21:07,ESP32_GH_01,27.6,88.7,6.666667,0
2026-04-23 | 21:07,ESP32_GH_01,27.6,88.7,6.666667,0
2026-04-23 | 21:07,ESP32_GH_01,27.6,88.7,6.666667,0
2026-04-23 | 21:07,ESP32_GH_01,27.6,88.7,6.666667,0
2026-04-23 | 21:07,ESP32_GH_01,27.6,88.7,6.666667,0
2026-04-23 | 21:07,ESP32_GH_01,27.6,88.7,6.666667,0
2026-04-23 | 21:07,ESP32_GH_01,27.6,88.7,6.666667,0
2026-04-23 | 21:07,ESP32_GH_01,27.6,88.7,6.666667,0
2026-04-23 | 21:07,ESP32_GH_01,27.6,88.7,6.666667,0
2026-04-23 | 21:07,ESP32_GH_01,27.6,88.7,6.666667,0
2026-04-23 | 21:07,ESP32_GH_01,27.5,88.8,6.666667,0
2026-04-23 | 21:07,ESP32_GH_01,27.5,88.8,6.666667,0
2026-04-23 | 21:07,ESP32_GH_01,27.5,88.9,6.666667,0
2026-04-23 | 21:07,ESP32_GH_01,27.5,88.9,6.666667,0
2026-04-23 | 21:08,ESP32_GH_01,27.5,88.9,6.666667,0
2026-04-23 | 21:08,ESP32_GH_01,27.5,88.9,6.666667,0
2026-04-23 | 21:08,ESP32_GH_01,27.6,88.8,6.666667,0
2026-04-23 | 21:08,ESP32_GH_01,27.6,88.8,6.666667,0
2026-04-23 | 21:08,ESP32_GH_01,27.6,88.8,6.666667,0
2026-04-23 | 21:08,ESP32_GH_01,27.6,88.8,6.666667,0
2026-04-23 | 21:08,ESP32_GH_01,27.6,88.8,6.666667,0
2026-04-23 | 21:08,ESP32_GH_01,27.6,88.8,6.666667,0
2026-04-23 | 21:08,ESP32_GH_01,27.6,88.7,6.666667,0
2026-04-23 | 21:08,ESP32_GH_01,27.6,88.7,6.666667,0
2026-04-23 | 21:08,ESP32_GH_01,27.6,88.7,6.666667,0
2026-04-23 | 21:08,ESP32_GH_01,27.6,88.7,6.666667,0
2026-04-23 | 21:08,ESP32_GH_01,27.6,88.7,6.666667,0
2026-04-23 | 21:08,ESP32_GH_01,27.6,88.7,6.666667,0
2026-04-23 | 21:08,ESP32_GH_01,27.6,88.6,6.666667,0
2026-04-23 | 21:08,ESP32_GH_01,27.6,88.6,6.666667,0
2026-04-23 | 21:08,ESP32_GH_01,27.6,88.6,6.666667,0
2026-04-23 | 21:08,ESP32_GH_01,27.6,88.6,6.666667,0
2026-04-23 | 21:08,ESP32_GH_01,27.6,88.6,6.666667,0
2026-04-23 | 21:08,ESP32_GH_01,27.6,88.6,6.666667,0
2026-04-23 | 21:08,ESP32_GH_01,27.6,88.6,6.666667,0
2026-04-23 | 21:08,ESP32_GH_01,27.6,88.6,6.666667,0
2026-04-23 | 21:08,ESP32_GH_01,27.6,88.6,6.666667,0
2026-04-23 | 21:08,ESP32_GH_01,27.6,88.6,6.666667,0
2026-04-23 | 21:09,ESP32_GH_01,27.6,88.5,6.666667,0
2026-04-23 | 21:09,ESP32_GH_01,27.6,88.5,6.666667,0
2026-04-23 | 21:09,ESP32_GH_01,27.6,88.5,6.666667,0
2026-04-23 | 21:09,ESP32_GH_01,27.6,88.5,6.666667,0
2026-04-23 | 21:09,ESP32_GH_01,27.6,88.5,6.666667,0
2026-04-23 | 21:09,ESP32_GH_01,27.6,88.5,6.666667,0
2026-04-23 | 21:09,ESP32_GH_01,27.6,88.6,6.666667,0
2026-04-23 | 21:09,ESP32_GH_01,27.6,88.6,6.666667,0
2026-04-23 | 21:09,ESP32_GH_01,27.6,88.5,6.666667,0
2026-04-23 | 21:09,ESP32_GH_01,27.6,88.5,6.666667,0
2026-04-23 | 21:09,ESP32_GH_01,27.6,88.5,6.666667,0
2026-04-23 | 21:09,ESP32_GH_01,27.6,88.5,6.666667,0
2026-04-23 | 21:09,ESP32_GH_01,27.6,88.5,6.666667,0
2026-04-23 | 21:09,ESP32_GH_01,27.6,88.5,6.666667,0
2026-04-23 | 21:09,ESP32_GH_01,27.6,88.5,6.666667,0
2026-04-23 | 21:09,ESP32_GH_01,27.6,88.5,6.666667,0
2026-04-23 | 21:09,ESP32_GH_01,27.6,88.5,6.666667,0
2026-04-23 | 21:10,ESP32_GH_01,27.6,88.5,6.666667,0
2026-04-23 | 21:10,ESP32_GH_01,27.6,88.4,6.666667,0
2026-04-23 | 21:10,ESP32_GH_01,27.6,88.4,6.666667,0
2026-04-23 | 21:10,ESP32_GH_01,27.6,88.5,6.666667,0
2026-04-23 | 21:10,ESP32_GH_01,27.6,88.4,6.666667,0
2026-04-23 | 21:10,ESP32_GH_01,27.6,88.5,6.666667,0
2026-04-23 | 21:10,ESP32_GH_01,27.6,88.5,6.666667,0
2026-04-23 | 21:10,ESP32_GH_01,27.6,88.5,6.666667,0
2026-04-23 | 21:10,ESP32_GH_01,27.6,88.5,6.666667,0
2026-04-23 | 21:10,ESP32_GH_01,27.6,88.5,6.666667,0
2026-04-23 | 21:10,ESP32_GH_01,27.6,88.5,6.666667,0
2026-04-23 | 21:11,ESP32_GH_01,27.6,88.5,6.666667,0
2026-04-23 | 21:11,ESP32_GH_01,27.6,88.4,6.666667,0
2026-04-23 | 21:11,ESP32_GH_01,27.6,88.4,6.666667,0
2026-04-23 | 21:11,ESP32_GH_01,27.6,88.5,6.666667,0
2026-04-23 | 21:11,ESP32_GH_01,27.6,88.5,6.666667,0
2026-04-23 | 21:11,ESP32_GH_01,27.5,88.5,6.666667,0
2026-04-23 | 21:11,ESP32_GH_01,27.5,88.6,6.666667,0
2026-04-23 | 21:11,ESP32_GH_01,27.5,88.6,6.666667,0
2026-04-23 | 21:12,ESP32_GH_01,27.5,88.6,6.666667,0
2026-04-23 | 21:12,ESP32_GH_01,27.5,88.7,6.666667,0
2026-04-23 | 21:12,ESP32_GH_01,27.5,88.7,6.666667,0
2026-04-23 | 21:12,ESP32_GH_01,27.5,88.8,6.666667,0
2026-04-23 | 21:12,ESP32_GH_01,27.5,88.8,6.666667,0
2026-04-23 | 21:12,ESP32_GH_01,27.5,88.7,6.666667,0
2026-04-23 | 21:12,ESP32_GH_01,27.5,88.8,6.666667,0
2026-04-23 | 21:12,ESP32_GH_01,27.5,88.8,6.666667,0
2026-04-23 | 22:01,ESP32_GH_01,26.8,92.6,7.5,0
2026-04-23 | 22:01,ESP32_GH_01,26.8,92.6,6.666667,0
2026-04-23 | 22:01,ESP32_GH_01,26.8,92.6,7.5,0
2026-04-23 | 22:01,ESP32_GH_01,26.9,92.6,7.5,0
2026-04-23 | 22:01,ESP32_GH_01,26.9,92.6,6.666667,0
2026-04-23 | 22:01,ESP32_GH_01,26.9,92.5,6.666667,0
2026-04-23 | 22:01,ESP32_GH_01,26.9,92.5,7.5,0
2026-04-23 | 22:01,ESP32_GH_01,26.9,92.5,7.5,0
2026-04-23 | 22:01,ESP32_GH_01,26.9,92.5,6.666667,0
2026-04-23 | 22:01,ESP32_GH_01,26.9,92.5,6.666667,0
2026-04-23 | 22:01,ESP32_GH_01,26.9,92.5,6.666667,0
2026-04-23 | 22:01,ESP32_GH_01,26.9,92.5,6.666667,0
2026-04-23 | 22:01,ESP32_GH_01,26.9,92.5,6.666667,0
2026-04-23 | 22:01,ESP32_GH_01,26.9,92.5,6.666667,0
2026-04-23 | 22:01,ESP32_GH_01,26.9,92.5,7.5,0
2026-04-23 | 22:01,ESP32_GH_01,26.9,92.5,7.5,0
2026-04-23 | 22:01,ESP32_GH_01,26.9,92.5,6.666667,0
2026-04-23 | 22:01,ESP32_GH_01,26.9,92.5,6.666667,0
2026-04-23 | 22:02,ESP32_GH_01,26.9,92.4,7.5,0
2026-04-23 | 22:02,ESP32_GH_01,26.9,92.4,7.5,0
2026-04-23 | 22:02,ESP32_GH_01,26.9,92.4,6.666667,0
2026-04-23 | 22:02,ESP32_GH_01,26.9,92.4,6.666667,0
2026-04-23 | 22:02,ESP32_GH_01,26.9,92.4,6.666667,0
2026-04-23 | 22:02,ESP32_GH_01,26.9,92.4,6.666667,0
2026-04-23 | 22:02,ESP32_GH_01,26.9,92.4,6.666667,0
2026-04-23 | 22:02,ESP32_GH_01,26.9,92.4,6.666667,0
2026-04-23 | 22:02,ESP32_GH_01,26.9,92.4,7.5,0
2026-04-23 | 22:02,ESP32_GH_01,26.9,92.4,7.5,0
2026-04-23 | 22:02,ESP32_GH_01,26.9,92.4,7.5,0
2026-04-23 | 22:02,ESP32_GH_01,26.9,92.4,7.5,0
2026-04-23 | 22:02,ESP32_GH_01,26.9,92.3,6.666667,0
2026-04-23 | 22:02,ESP32_GH_01,26.9,92.3,6.666667,0
2026-04-23 | 22:02,ESP32_GH_01,26.9,92.3,7.5,0
2026-04-23 | 22:02,ESP32_GH_01,26.9,92.3,7.5,0
2026-04-23 | 22:02,ESP32_GH_01,26.9,92.4,7.5,0
2026-04-23 | 22:02,ESP32_GH_01,26.9,92.4,7.5,0
2026-04-23 | 22:02,ESP32_GH_01,26.9,92.4,7.5,0
2026-04-23 | 22:02,ESP32_GH_01,26.9,92.4,7.5,0
2026-04-23 | 22:02,ESP32_GH_01,26.9,92.4,6.666667,0
2026-04-23 | 22:02,ESP32_GH_01,26.9,92.4,6.666667,0
2026-04-23 | 22:02,ESP32_GH_01,26.9,92.4,6.666667,0
2026-04-23 | 22:02,ESP32_GH_01,26.9,92.4,6.666667,0
2026-04-23 | 22:03,ESP32_GH_01,26.9,92.4,7.5,0
2026-04-23 | 22:03,ESP32_GH_01,26.9,92.4,7.5,0
2026-04-23 | 22:03,ESP32_GH_01,26.9,92.4,6.666667,0
2026-04-23 | 22:03,ESP32_GH_01,26.9,92.4,6.666667,0
2026-04-23 | 22:03,ESP32_GH_01,26.9,92.4,6.666667,0
2026-04-23 | 22:03,ESP32_GH_01,26.9,92.4,6.666667,0
2026-04-23 | 22:03,ESP32_GH_01,26.9,92.5,6.666667,0
2026-04-23 | 22:03,ESP32_GH_01,26.9,92.5,6.666667,0
2026-04-23 | 22:03,ESP32_GH_01,26.9,92.4,6.666667,0
2026-04-23 | 22:03,ESP32_GH_01,26.9,92.4,6.666667,0
2026-04-23 | 22:03,ESP32_GH_01,26.8,92.5,7.5,0
2026-04-23 | 22:03,ESP32_GH_01,26.8,92.5,7.5,0
2026-04-23 | 22:03,ESP32_GH_01,26.9,92.4,6.666667,0
2026-04-23 | 22:03,ESP32_GH_01,26.9,92.4,6.666667,0
2026-04-23 | 22:03,ESP32_GH_01,26.9,92.4,6.666667,0
2026-04-23 | 22:03,ESP32_GH_01,26.9,92.4,6.666667,0
2026-04-23 | 22:03,ESP32_GH_01,26.8,92.4,6.666667,0
2026-04-23 | 22:03,ESP32_GH_01,26.8,92.4,6.666667,0
2026-04-23 | 22:03,ESP32_GH_01,26.8,92.4,6.666667,0
2026-04-23 | 22:03,ESP32_GH_01,26.8,92.4,6.666667,0
2026-04-23 | 22:03,ESP32_GH_01,26.9,92.5,7.5,0
2026-04-23 | 22:03,ESP32_GH_01,26.9,92.5,7.5,0
2026-04-23 | 22:04,ESP32_GH_01,26.8,92.5,6.666667,0
2026-04-23 | 22:04,ESP32_GH_01,26.8,92.5,6.666667,0
2026-04-23 | 22:04,ESP32_GH_01,26.8,92.4,6.666667,0
2026-04-23 | 22:04,ESP32_GH_01,26.8,92.4,6.666667,0
2026-04-23 | 22:04,ESP32_GH_01,26.8,92.4,6.666667,0
2026-04-23 | 22:04,ESP32_GH_01,26.8,92.4,6.666667,0
2026-04-23 | 22:04,ESP32_GH_01,26.8,92.5,6.666667,0
2026-04-23 | 22:04,ESP32_GH_01,26.8,92.5,6.666667,0
2026-04-23 | 22:04,ESP32_GH_01,26.8,92.5,6.666667,0
2026-04-23 | 22:04,ESP32_GH_01,26.8,92.5,6.666667,0
2026-04-23 | 22:04,ESP32_GH_01,26.8,92.5,6.666667,0
2026-04-23 | 22:04,ESP32_GH_01,26.8,92.5,6.666667,0
2026-04-23 | 22:04,ESP32_GH_01,26.8,92.5,6.666667,0
2026-04-23 | 22:04,ESP32_GH_01,26.8,92.5,6.666667,0
2026-04-23 | 22:04,ESP32_GH_01,26.8,92.5,6.666667,0
2026-04-23 | 22:04,ESP32_GH_01,26.8,92.5,6.666667,0
2026-04-23 | 22:04,ESP32_GH_01,26.8,92.5,6.666667,0
2026-04-23 | 22:04,ESP32_GH_01,26.8,92.5,6.666667,0
2026-04-23 | 22:04,ESP32_GH_01,26.8,92.6,6.666667,0
2026-04-23 | 22:04,ESP32_GH_01,26.8,92.6,6.666667,0
2026-04-23 | 22:04,ESP32_GH_01,26.8,92.6,6.666667,0
2026-04-23 | 22:04,ESP32_GH_01,26.8,92.6,6.666667,0
2026-04-23 | 22:04,ESP32_GH_01,26.8,92.6,6.666667,0
2026-04-23 | 22:04,ESP32_GH_01,26.8,92.6,6.666667,0
2026-04-23 | 22:05,ESP32_GH_01,26.8,92.6,6.666667,0
2026-04-23 | 22:05,ESP32_GH_01,26.8,92.6,6.666667,0
2026-04-23 | 22:05,ESP32_GH_01,26.8,92.7,6.666667,0
2026-04-23 | 22:05,ESP32_GH_01,26.8,92.7,6.666667,0
2026-04-23 | 22:05,ESP32_GH_01,26.8,92.7,6.666667,0
2026-04-23 | 22:05,ESP32_GH_01,26.8,92.7,6.666667,0
2026-04-23 | 22:05,ESP32_GH_01,26.8,92.7,6.666667,0
2026-04-23 | 22:05,ESP32_GH_01,26.8,92.7,6.666667,0
2026-04-23 | 22:05,ESP32_GH_01,26.8,92.7,6.666667,0
2026-04-23 | 22:05,ESP32_GH_01,26.8,92.7,6.666667,0
2026-04-23 | 22:05,ESP32_GH_01,26.8,92.8,6.666667,0
2026-04-23 | 22:05,ESP32_GH_01,26.8,92.8,6.666667,0
2026-04-23 | 22:05,ESP32_GH_01,26.8,92.7,6.666667,0
2026-04-23 | 22:05,ESP32_GH_01,26.8,92.7,6.666667,0
2026-04-23 | 22:05,ESP32_GH_01,26.8,92.7,7.5,0
2026-04-23 | 22:05,ESP32_GH_01,26.8,92.7,7.5,0
2026-04-23 | 22:05,ESP32_GH_01,26.8,92.7,7.5,0
2026-04-23 | 22:05,ESP32_GH_01,26.8,92.7,7.5,0
2026-04-23 | 22:05,ESP32_GH_01,26.8,92.7,7.5,0
2026-04-23 | 22:05,ESP32_GH_01,26.8,92.7,7.5,0
2026-04-23 | 22:05,ESP32_GH_01,26.8,92.7,7.5,0
2026-04-23 | 22:05,ESP32_GH_01,26.8,92.7,7.5,0
2026-04-23 | 22:05,ESP32_GH_01,26.8,92.7,6.666667,0
2026-04-23 | 22:06,ESP32_GH_01,26.8,92.7,6.666667,0
2026-04-23 | 22:06,ESP32_GH_01,26.8,92.6,7.5,0
2026-04-23 | 22:06,ESP32_GH_01,26.8,92.6,6.666667,0
2026-04-23 | 22:06,ESP32_GH_01,26.8,92.6,6.666667,0
2026-04-23 | 22:06,ESP32_GH_01,26.8,92.6,6.666667,0
2026-04-23 | 22:06,ESP32_GH_01,26.8,92.7,6.666667,0
2026-04-23 | 22:06,ESP32_GH_01,26.8,92.7,6.666667,0
2026-04-23 | 22:26,ESP32_GH_01,27.2,91.4,7.5,0
2026-04-23 | 22:26,ESP32_GH_01,27.2,91.1,7.5,0
2026-04-23 | 22:26,ESP32_GH_01,27.2,91.1,7.5,0
2026-04-23 | 22:26,ESP32_GH_01,27.2,91.2,7.5,0
2026-04-23 | 22:26,ESP32_GH_01,27.2,91.2,7.5,0
2026-04-23 | 22:26,ESP32_GH_01,27.2,91.2,7.5,0
2026-04-23 | 22:27,ESP32_GH_01,27.2,91.1,7.5,0
2026-04-23 | 22:27,ESP32_GH_01,27.2,91.2,6.666667,0
2026-04-23 | 22:27,ESP32_GH_01,27.2,91.2,7.5,0
2026-04-23 | 22:27,ESP32_GH_01,27.2,91.1,7.5,0
2026-04-23 | 22:27,ESP32_GH_01,27.2,91.1,7.5,0
2026-04-23 | 22:27,ESP32_GH_01,27.2,91.2,7.5,0
2026-04-23 | 22:27,ESP32_GH_01,27.2,91.2,7.5,0
2026-04-23 | 22:27,ESP32_GH_01,27.2,91.2,6.666667,0
2026-04-23 | 22:27,ESP32_GH_01,27.2,91.2,6.666667,0
2026-04-23 | 22:27,ESP32_GH_01,27.2,91.3,7.5,0
2026-04-23 | 22:27,ESP32_GH_01,27.1,91.3,7.5,0
2026-04-23 | 22:28,ESP32_GH_01,27.2,91.2,7.5,0
2026-04-23 | 22:28,ESP32_GH_01,27.2,91.3,6.666667,0
2026-04-23 | 22:28,ESP32_GH_01,27.2,91.3,7.5,0
2026-04-24 | 09:35,ESP32_GH_01,25.7,69.1,56.66666,0
2026-04-24 | 09:35,ESP32_GH_01,25.7,69.3,51.66666,0
2026-04-24 | 09:36,ESP32_GH_01,25.8,69.4,365.8333,0
2026-04-24 | 09:36,ESP32_GH_01,25.8,69.6,324.1667,0
2026-04-24 | 09:36,ESP32_GH_01,25.9,69.4,90,0
2026-04-24 | 09:36,ESP32_GH_01,25.9,69.3,92.5,0
2026-04-24 | 09:36,ESP32_GH_01,25.9,69.3,119.1667,0
2026-04-24 | 09:36,ESP32_GH_01,25.9,69.2,375.8333,0
2026-04-24 | 09:36,ESP32_GH_01,26,69.1,490.8333,0
2026-04-24 | 09:36,ESP32_GH_01,26.1,69,160.8333,0
2026-04-24 | 09:36,ESP32_GH_01,26.1,69,160.8333,0
2026-04-24 | 09:36,ESP32_GH_01,26.1,68.8,506.6667,0
2026-04-24 | 09:36,ESP32_GH_01,26.1,68.8,506.6667,0
2026-04-24 | 09:36,ESP32_GH_01,26.1,68.8,332.5,0
2026-04-24 | 09:36,ESP32_GH_01,26.1,68.8,332.5,0
2026-04-24 | 09:36,ESP32_GH_01,26.1,68.7,342.5,0
2026-04-24 | 09:36,ESP32_GH_01,26.1,68.7,342.5,0
2026-04-24 | 09:36,ESP32_GH_01,26.2,68.6,521.6666,0
2026-04-24 | 09:36,ESP32_GH_01,26.2,68.6,521.6666,0
2026-04-24 | 09:37,ESP32_GH_01,26.2,68.5,525.8333,0
2026-04-24 | 09:37,ESP32_GH_01,26.2,68.5,525.8333,0
2026-04-24 | 09:37,ESP32_GH_01,26.3,68.4,409.1667,0
2026-04-24 | 09:37,ESP32_GH_01,26.3,68.4,409.1667,0
2026-04-24 | 09:37,ESP32_GH_01,26.3,68.3,355.8333,0
2026-04-24 | 09:37,ESP32_GH_01,26.3,68.3,355.8333,0
2026-04-24 | 09:37,ESP32_GH_01,26.3,68.2,36.66666,0
2026-04-24 | 09:37,ESP32_GH_01,26.3,68.2,36.66666,0
2026-04-24 | 09:37,ESP32_GH_01,26.4,68.3,550,0
2026-04-24 | 09:37,ESP32_GH_01,26.4,68.3,550,0
2026-04-24 | 09:37,ESP32_GH_01,26.4,68.4,554.1666,0
2026-04-24 | 09:37,ESP32_GH_01,26.4,68.4,554.1666,0
2026-04-24 | 09:37,ESP32_GH_01,26.4,68.2,559.1666,0
2026-04-24 | 09:37,ESP32_GH_01,26.4,68.2,559.1666,0
2026-04-24 | 09:37,ESP32_GH_01,26.5,68.2,561.6666,0
2026-04-24 | 09:37,ESP32_GH_01,26.5,68.2,561.6666,0
2026-04-24 | 09:37,ESP32_GH_01,26.5,67.9,566.6666,0
2026-04-24 | 09:37,ESP32_GH_01,26.5,67.9,566.6666,0
2026-04-24 | 09:37,ESP32_GH_01,26.5,67.8,571.6666,0
2026-04-24 | 09:37,ESP32_GH_01,26.5,67.8,571.6666,0
2026-04-24 | 09:38,ESP32_GH_01,26.6,67.7,525.8333,0
2026-04-24 | 09:38,ESP32_GH_01,26.6,67.7,525.8333,0
2026-04-24 | 09:38,ESP32_GH_01,26.6,67.6,540,0
2026-04-24 | 09:38,ESP32_GH_01,26.6,67.6,540,0
2026-04-24 | 09:38,ESP32_GH_01,26.6,67.5,537.5,0
2026-04-24 | 09:38,ESP32_GH_01,26.6,67.5,537.5,0
2026-04-24 | 09:38,ESP32_GH_01,26.7,67.4,586.6666,0
2026-04-24 | 09:38,ESP32_GH_01,26.7,67.4,586.6666,0
2026-04-24 | 09:38,ESP32_GH_01,26.7,67.3,585,0
2026-04-24 | 09:38,ESP32_GH_01,26.7,67.3,585,0
2026-04-24 | 09:38,ESP32_GH_01,26.7,67.2,588.3333,0
2026-04-24 | 09:38,ESP32_GH_01,26.7,67.2,588.3333,0
2026-04-24 | 09:38,ESP32_GH_01,26.7,67.1,592.5,0
2026-04-24 | 09:38,ESP32_GH_01,26.7,67.1,592.5,0
2026-04-24 | 09:38,ESP32_GH_01,26.8,67,594.1666,0
2026-04-24 | 09:38,ESP32_GH_01,26.8,67,594.1666,0
2026-04-24 | 09:38,ESP32_GH_01,26.8,66.9,597.5,0
2026-04-24 | 09:38,ESP32_GH_01,26.8,66.9,597.5,0
2026-04-24 | 09:38,ESP32_GH_01,26.8,66.9,601.6666,0
2026-04-24 | 09:38,ESP32_GH_01,26.8,66.9,601.6666,0
2026-04-24 | 09:38,ESP32_GH_01,26.9,66.7,605.8333,0
2026-04-24 | 09:38,ESP32_GH_01,26.9,66.7,605.8333,0
2026-04-24 | 09:38,ESP32_GH_01,26.9,66.6,610,0
2026-04-24 | 09:38,ESP32_GH_01,26.9,66.6,610,0
2026-04-24 | 09:38,ESP32_GH_01,26.9,66.4,610.8333,0
2026-04-24 | 09:38,ESP32_GH_01,26.9,66.4,610.8333,0
2026-04-24 | 09:39,ESP32_GH_01,26.9,66.2,610,0
2026-04-24 | 09:39,ESP32_GH_01,26.9,66.2,610,0
2026-04-24 | 09:39,ESP32_GH_01,26.9,65.8,608.3333,0
2026-04-24 | 09:39,ESP32_GH_01,26.9,65.8,608.3333,0
2026-04-24 | 09:39,ESP32_GH_01,26.9,65.3,608.3333,0
2026-04-24 | 09:39,ESP32_GH_01,26.9,65.3,608.3333,0
2026-04-24 | 09:39,ESP32_GH_01,27,64.9,611.6666,0
2026-04-24 | 09:39,ESP32_GH_01,27,64.9,611.6666,0
2026-04-24 | 09:39,ESP32_GH_01,27,64.6,613.3333,0
2026-04-24 | 09:39,ESP32_GH_01,27,64.6,613.3333,0
2026-04-24 | 09:39,ESP32_GH_01,26.9,64.3,613.3333,0
2026-04-24 | 09:39,ESP32_GH_01,26.9,64.3,613.3333,0
2026-04-24 | 09:39,ESP32_GH_01,26.9,64,614.1666,0
2026-04-24 | 09:39,ESP32_GH_01,26.9,64,614.1666,0
2026-04-24 | 09:39,ESP32_GH_01,26.9,63.7,615,0
2026-04-24 | 09:39,ESP32_GH_01,26.9,63.7,615,0
2026-04-24 | 09:39,ESP32_GH_01,26.9,63.4,615.8333,0
2026-04-24 | 09:39,ESP32_GH_01,26.9,63.4,615.8333,0
2026-04-24 | 09:39,ESP32_GH_01,26.9,63.3,615.8333,0
2026-04-24 | 09:39,ESP32_GH_01,26.9,63.3,615.8333,0
2026-04-24 | 09:39,ESP32_GH_01,26.9,63.1,615.8333,0
2026-04-24 | 09:39,ESP32_GH_01,26.9,63.1,615.8333,0
2026-04-24 | 09:39,ESP32_GH_01,26.9,62.9,615.8333,0
2026-04-24 | 09:39,ESP32_GH_01,26.9,62.9,615.8333,0
2026-04-24 | 09:40,ESP32_GH_01,26.9,62.8,616.6666,0
2026-04-24 | 09:40,ESP32_GH_01,26.9,62.8,616.6666,0
2026-04-24 | 09:40,ESP32_GH_01,26.9,62.6,615.8333,0
2026-04-24 | 09:40,ESP32_GH_01,26.9,62.6,615.8333,0
2026-04-24 | 09:40,ESP32_GH_01,26.9,62.5,615,0
2026-04-24 | 09:40,ESP32_GH_01,26.9,62.5,615,0
2026-04-24 | 09:40,ESP32_GH_01,26.8,62.3,610.8333,0
2026-04-24 | 09:40,ESP32_GH_01,26.8,62.3,610.8333,0
2026-04-24 | 09:40,ESP32_GH_01,26.8,62.3,607.5,0
2026-04-24 | 09:40,ESP32_GH_01,26.8,62.3,607.5,0
2026-04-24 | 09:40,ESP32_GH_01,26.8,62.2,600,0
2026-04-24 | 09:40,ESP32_GH_01,26.8,62.2,600,0
2026-04-24 | 09:40,ESP32_GH_01,26.8,62,594.1666,0
2026-04-24 | 09:40,ESP32_GH_01,26.8,62,594.1666,0
2026-04-24 | 09:40,ESP32_GH_01,26.8,61.8,590,0
2026-04-24 | 09:40,ESP32_GH_01,26.8,61.8,590,0
2026-04-24 | 09:40,ESP32_GH_01,26.8,61.8,590,0
2026-04-24 | 09:40,ESP32_GH_01,26.8,61.8,590,0
2026-04-24 | 09:40,ESP32_GH_01,26.8,61.6,582.5,0
2026-04-24 | 09:40,ESP32_GH_01,26.8,61.6,582.5,0
2026-04-24 | 09:40,ESP32_GH_01,26.8,61.4,578.3333,0
2026-04-24 | 09:40,ESP32_GH_01,26.8,61.4,578.3333,0
2026-04-24 | 09:40,ESP32_GH_01,26.8,61.5,573.3333,0
2026-04-24 | 09:40,ESP32_GH_01,26.8,61.5,573.3333,0
2026-04-24 | 09:41,ESP32_GH_01,26.8,61.4,569.1666,0
2026-04-24 | 09:41,ESP32_GH_01,26.8,61.4,569.1666,0
2026-04-24 | 09:41,ESP32_GH_01,26.8,61.5,566.6666,0
2026-04-24 | 09:41,ESP32_GH_01,26.8,61.5,566.6666,0
2026-04-24 | 09:41,ESP32_GH_01,26.8,61.6,565,0
2026-04-24 | 09:41,ESP32_GH_01,26.8,61.6,565,0
2026-04-24 | 09:41,ESP32_GH_01,26.8,61.7,569.1666,0
2026-04-24 | 09:41,ESP32_GH_01,26.8,61.7,569.1666,0
2026-04-24 | 09:41,ESP32_GH_01,26.8,61.9,572.5,0
2026-04-24 | 09:41,ESP32_GH_01,26.8,61.9,572.5,0
2026-04-24 | 09:41,ESP32_GH_01,26.8,62.3,576.6666,0
2026-04-24 | 09:41,ESP32_GH_01,26.8,62.3,576.6666,0
2026-04-24 | 09:41,ESP32_GH_01,26.8,62.9,583.3333,0
2026-04-24 | 09:41,ESP32_GH_01,26.8,62.9,583.3333,0
2026-04-24 | 09:41,ESP32_GH_01,26.8,63.2,591.6666,0
2026-04-24 | 09:41,ESP32_GH_01,26.8,63.2,591.6666,0
2026-04-24 | 09:41,ESP32_GH_01,26.8,63.6,595.8333,0
2026-04-24 | 09:41,ESP32_GH_01,26.8,63.6,595.8333,0
2026-04-24 | 09:41,ESP32_GH_01,26.8,63.9,604.1666,0
2026-04-24 | 09:41,ESP32_GH_01,26.8,63.9,604.1666,0
2026-04-24 | 09:41,ESP32_GH_01,26.9,64.3,612.5,0
2026-04-24 | 09:41,ESP32_GH_01,26.9,64.3,612.5,0
2026-04-24 | 09:41,ESP32_GH_01,26.9,64.6,613.3333,0
2026-04-24 | 09:41,ESP32_GH_01,26.9,64.6,613.3333,0
2026-04-24 | 09:42,ESP32_GH_01,26.9,64.8,615,0
2026-04-24 | 09:42,ESP32_GH_01,26.9,64.8,615,0
2026-04-24 | 09:42,ESP32_GH_01,26.9,65,617.5,0
2026-04-24 | 09:42,ESP32_GH_01,26.9,65,617.5,0
2026-04-24 | 09:42,ESP32_GH_01,26.9,65.1,620,0
2026-04-24 | 09:42,ESP32_GH_01,26.9,65.1,620,0
2026-04-24 | 09:42,ESP32_GH_01,27,65.2,618.3333,0
2026-04-24 | 09:42,ESP32_GH_01,27,65.2,618.3333,0
2026-04-24 | 09:42,ESP32_GH_01,27,65.3,614.1666,0
2026-04-24 | 09:42,ESP32_GH_01,27,65.3,614.1666,0
2026-04-24 | 09:42,ESP32_GH_01,27,65.4,612.5,0
2026-04-24 | 09:42,ESP32_GH_01,27,65.4,612.5,0
2026-04-24 | 09:42,ESP32_GH_01,27,65.4,611.6666,0
2026-04-24 | 09:42,ESP32_GH_01,27,65.4,611.6666,0
2026-04-24 | 09:42,ESP32_GH_01,27,65.3,610,0
2026-04-24 | 09:42,ESP32_GH_01,27,65.3,610,0
2026-04-24 | 09:42,ESP32_GH_01,27,65.4,612.5,0
2026-04-24 | 09:42,ESP32_GH_01,27,65.4,612.5,0
2026-04-24 | 09:42,ESP32_GH_01,27,65.5,616.6666,0
2026-04-24 | 09:42,ESP32_GH_01,27,65.5,616.6666,0
2026-04-24 | 09:42,ESP32_GH_01,27,65.6,618.3333,0
2026-04-24 | 09:42,ESP32_GH_01,27,65.6,618.3333,0
2026-04-24 | 09:42,ESP32_GH_01,27.1,65.5,615.8333,0
2026-04-24 | 09:42,ESP32_GH_01,27.1,65.5,615.8333,0
2026-04-24 | 09:43,ESP32_GH_01,27.1,65.6,610.8333,0
2026-04-24 | 09:43,ESP32_GH_01,27.1,65.6,610.8333,0
2026-04-24 | 09:43,ESP32_GH_01,27.1,65.7,610.8333,0
2026-04-24 | 09:43,ESP32_GH_01,27.1,65.7,610.8333,0
2026-04-24 | 09:43,ESP32_GH_01,27.1,65.6,611.6666,0
2026-04-24 | 09:43,ESP32_GH_01,27.1,65.6,611.6666,0
2026-04-24 | 09:43,ESP32_GH_01,27.1,65.6,615,0
2026-04-24 | 09:43,ESP32_GH_01,27.1,65.6,615,0
2026-04-24 | 09:43,ESP32_GH_01,27.1,65.6,617.5,0
2026-04-24 | 09:43,ESP32_GH_01,27.1,65.6,617.5,0
2026-04-24 | 09:43,ESP32_GH_01,27.1,65.6,617.5,0
2026-04-24 | 09:43,ESP32_GH_01,27.1,65.6,617.5,0
2026-04-24 | 09:43,ESP32_GH_01,27.1,65.6,620,0
2026-04-24 | 09:43,ESP32_GH_01,27.1,65.6,620,0
2026-04-24 | 09:43,ESP32_GH_01,27.2,65.6,623.3333,0
2026-04-24 | 09:43,ESP32_GH_01,27.2,65.6,623.3333,0
2026-04-24 | 09:43,ESP32_GH_01,27.2,65.8,623.3333,0
2026-04-24 | 09:43,ESP32_GH_01,27.2,65.8,623.3333,0
2026-04-24 | 09:43,ESP32_GH_01,27.2,65.7,628.3333,0
2026-04-24 | 09:43,ESP32_GH_01,27.2,65.7,628.3333,0
2026-04-24 | 09:43,ESP32_GH_01,27.2,65.7,628.3333,0
2026-04-24 | 09:43,ESP32_GH_01,27.2,65.7,628.3333,0
2026-04-24 | 09:44,ESP32_GH_01,27.2,65.7,629.1666,0
2026-04-24 | 09:44,ESP32_GH_01,27.2,65.7,629.1666,0
2026-04-24 | 09:44,ESP32_GH_01,27.2,65.8,630,0
2026-04-24 | 09:44,ESP32_GH_01,27.2,65.8,630,0
2026-04-24 | 09:44,ESP32_GH_01,27.2,65.7,631.6666,0
2026-04-24 | 09:44,ESP32_GH_01,27.2,65.7,631.6666,0
2026-04-24 | 09:44,ESP32_GH_01,27.2,65.7,632.5,0
2026-04-24 | 09:44,ESP32_GH_01,27.2,65.7,632.5,0
2026-04-24 | 09:44,ESP32_GH_01,27.3,65.7,631.6666,0
2026-04-24 | 09:44,ESP32_GH_01,27.3,65.7,631.6666,0
2026-04-24 | 09:44,ESP32_GH_01,27.3,65.6,629.1666,0
2026-04-24 | 09:44,ESP32_GH_01,27.3,65.6,629.1666,0
2026-04-24 | 09:44,ESP32_GH_01,27.3,65.6,628.3333,0
2026-04-24 | 09:44,ESP32_GH_01,27.3,65.6,628.3333,0
2026-04-24 | 09:44,ESP32_GH_01,27.3,65.5,628.3333,0
2026-04-24 | 09:44,ESP32_GH_01,27.3,65.5,628.3333,0
2026-04-24 | 09:44,ESP32_GH_01,27.3,65.5,627.5,0
2026-04-24 | 09:44,ESP32_GH_01,27.3,65.5,627.5,0
2026-04-24 | 09:44,ESP32_GH_01,27.3,65.4,630,0
2026-04-24 | 09:44,ESP32_GH_01,27.3,65.4,630,0
2026-04-24 | 09:44,ESP32_GH_01,27.3,65.4,627.5,0
2026-04-24 | 09:44,ESP32_GH_01,27.3,65.4,627.5,0
2026-04-24 | 09:44,ESP32_GH_01,27.4,65.3,629.1666,0
2026-04-24 | 09:44,ESP32_GH_01,27.4,65.3,629.1666,0
2026-04-24 | 09:45,ESP32_GH_01,27.4,65.2,630.8333,0
2026-04-24 | 09:45,ESP32_GH_01,27.4,65.2,630.8333,0
2026-04-24 | 09:45,ESP32_GH_01,27.4,65.1,630.8333,0
2026-04-24 | 09:45,ESP32_GH_01,27.4,65.1,630.8333,0
2026-04-24 | 09:45,ESP32_GH_01,27.4,65.2,630.8333,0
2026-04-24 | 09:45,ESP32_GH_01,27.4,65.2,630.8333,0
2026-04-24 | 09:45,ESP32_GH_01,27.4,65.1,631.6666,0
2026-04-24 | 09:45,ESP32_GH_01,27.4,65.1,631.6666,0
2026-04-24 | 09:45,ESP32_GH_01,27.4,65,227.5,0
2026-04-24 | 09:45,ESP32_GH_01,27.4,65,227.5,0
2026-04-24 | 09:45,ESP32_GH_01,27.5,64.9,619.1666,0
2026-04-24 | 09:45,ESP32_GH_01,27.5,64.9,619.1666,0
2026-04-24 | 09:45,ESP32_GH_01,27.5,64.8,623.3333,0
2026-04-24 | 09:45,ESP32_GH_01,27.5,64.8,623.3333,0
2026-04-24 | 09:45,ESP32_GH_01,27.5,64.6,621.6666,0
2026-04-24 | 09:45,ESP32_GH_01,27.5,64.6,621.6666,0
2026-04-24 | 09:45,ESP32_GH_01,27.5,64.4,615,0
2026-04-24 | 09:45,ESP32_GH_01,27.5,64.4,615,0
2026-04-24 | 09:45,ESP32_GH_01,27.5,64.2,612.5,0
2026-04-24 | 09:45,ESP32_GH_01,27.5,64.2,612.5,0
2026-04-24 | 09:45,ESP32_GH_01,27.5,63.8,610,0
2026-04-24 | 09:45,ESP32_GH_01,27.5,63.8,610,0
2026-04-24 | 09:45,ESP32_GH_01,27.5,63.5,517.5,0
2026-04-24 | 09:45,ESP32_GH_01,27.5,63.5,517.5,0
2026-04-24 | 09:46,ESP32_GH_01,27.5,63.2,560.8333,0
2026-04-24 | 09:46,ESP32_GH_01,27.5,63.2,560.8333,0
2026-04-24 | 09:46,ESP32_GH_01,27.5,62.9,374.1667,0
2026-04-24 | 09:46,ESP32_GH_01,27.5,62.9,374.1667,0
2026-04-24 | 09:46,ESP32_GH_01,27.5,62.7,371.6667,0
2026-04-24 | 09:46,ESP32_GH_01,27.5,62.7,371.6667,0
2026-04-24 | 09:46,ESP32_GH_01,27.5,62.5,379.1667,0
2026-04-24 | 09:46,ESP32_GH_01,27.5,62.5,379.1667,0
2026-04-24 | 09:46,ESP32_GH_01,27.6,62.3,333.3333,0
2026-04-24 | 09:46,ESP32_GH_01,27.6,62.3,333.3333,0
2026-04-24 | 09:46,ESP32_GH_01,27.5,62.2,251.6667,0
2026-04-24 | 09:46,ESP32_GH_01,27.5,62.2,251.6667,0
2026-04-24 | 09:46,ESP32_GH_01,27.5,61.9,290,0
2026-04-24 | 09:46,ESP32_GH_01,27.5,61.9,290,0
2026-04-24 | 09:46,ESP32_GH_01,27.5,61.8,450.8333,0
2026-04-24 | 09:46,ESP32_GH_01,27.5,61.8,450.8333,0
2026-04-24 | 09:46,ESP32_GH_01,27.5,61.6,489.1667,0
2026-04-24 | 09:46,ESP32_GH_01,27.5,61.6,489.1667,0
2026-04-24 | 09:46,ESP32_GH_01,27.5,61.4,615.8333,0
2026-04-24 | 09:46,ESP32_GH_01,27.5,61.4,615.8333,0
2026-04-24 | 09:46,ESP32_GH_01,27.5,61.2,617.5,0
2026-04-24 | 09:46,ESP32_GH_01,27.5,61.2,617.5,0
2026-04-24 | 09:46,ESP32_GH_01,27.5,61.2,617.5,0
2026-04-24 | 09:46,ESP32_GH_01,27.5,61.2,617.5,0
2026-04-24 | 09:47,ESP32_GH_01,27.5,61,621.6666,0
2026-04-24 | 09:47,ESP32_GH_01,27.5,61,621.6666,0
2026-04-24 | 09:47,ESP32_GH_01,27.5,61,624.1666,0
2026-04-24 | 09:47,ESP32_GH_01,27.5,61,624.1666,0
2026-04-24 | 09:47,ESP32_GH_01,27.5,61.1,621.6666,0
2026-04-24 | 09:47,ESP32_GH_01,27.5,61.1,621.6666,0
2026-04-24 | 09:47,ESP32_GH_01,27.5,61.4,620.8333,0
2026-04-24 | 09:47,ESP32_GH_01,27.5,61.4,620.8333,0
2026-04-24 | 09:47,ESP32_GH_01,27.5,61.8,624.1666,0
2026-04-24 | 09:47,ESP32_GH_01,27.5,61.8,624.1666,0
2026-04-24 | 09:47,ESP32_GH_01,27.5,62.1,619.1666,0
2026-04-24 | 09:47,ESP32_GH_01,27.5,62.1,619.1666,0
2026-04-24 | 09:47,ESP32_GH_01,27.5,62.4,352.5,0
2026-04-24 | 09:47,ESP32_GH_01,27.5,62.4,352.5,0
2026-04-24 | 09:47,ESP32_GH_01,27.5,62.8,458.3333,0
2026-04-24 | 09:47,ESP32_GH_01,27.5,62.8,458.3333,0
2026-04-24 | 09:47,ESP32_GH_01,27.5,63,269.1667,0
2026-04-24 | 09:47,ESP32_GH_01,27.5,63,269.1667,0
2026-04-24 | 09:47,ESP32_GH_01,27.6,63.3,367.5,0
2026-04-24 | 09:47,ESP32_GH_01,27.6,63.3,367.5,0
2026-04-24 | 09:47,ESP32_GH_01,27.5,63.6,77.5,0
2026-04-24 | 09:47,ESP32_GH_01,27.5,63.6,77.5,0
2026-04-24 | 09:47,ESP32_GH_01,27.6,63.8,180.8333,0
2026-04-24 | 09:47,ESP32_GH_01,27.6,63.8,180.8333,0
2026-04-24 | 09:48,ESP32_GH_01,27.6,64.2,255.8333,0
2026-04-24 | 09:48,ESP32_GH_01,27.6,64.2,255.8333,0
2026-04-24 | 09:48,ESP32_GH_01,27.6,64.4,395.8333,0
2026-04-24 | 09:48,ESP32_GH_01,27.6,64.4,395.8333,0
2026-04-24 | 09:48,ESP32_GH_01,27.6,64.6,474.1667,0
2026-04-24 | 09:48,ESP32_GH_01,27.6,64.6,474.1667,0
2026-04-24 | 09:48,ESP32_GH_01,27.6,64.6,468.3333,0
2026-04-24 | 09:48,ESP32_GH_01,27.6,64.6,468.3333,0
2026-04-24 | 09:48,ESP32_GH_01,27.6,64.6,460,0
2026-04-24 | 09:48,ESP32_GH_01,27.6,64.6,460,0
2026-04-24 | 09:48,ESP32_GH_01,27.6,64.7,489.1667,0
2026-04-24 | 09:48,ESP32_GH_01,27.6,64.7,489.1667,0
2026-04-24 | 09:48,ESP32_GH_01,27.7,64.8,360.8333,0
2026-04-24 | 09:48,ESP32_GH_01,27.7,64.8,360.8333,0
2026-04-24 | 09:48,ESP32_GH_01,27.7,64.8,302.5,0
2026-04-24 | 09:48,ESP32_GH_01,27.7,64.8,302.5,0
2026-04-24 | 09:48,ESP32_GH_01,27.7,64.8,410,0
2026-04-24 | 09:48,ESP32_GH_01,27.7,64.8,410,0
2026-04-24 | 09:48,ESP32_GH_01,27.7,64.8,418.3333,0
2026-04-24 | 09:48,ESP32_GH_01,27.7,64.8,418.3333,0
2026-04-24 | 09:48,ESP32_GH_01,27.7,64.6,264.1667,0
2026-04-24 | 09:48,ESP32_GH_01,27.7,64.6,264.1667,0
2026-04-24 | 09:49,ESP32_GH_01,27.7,64.4,265,0
2026-04-24 | 09:49,ESP32_GH_01,27.7,64.4,265,0
2026-04-24 | 09:49,ESP32_GH_01,27.7,64.4,268.3333,0
2026-04-24 | 09:49,ESP32_GH_01,27.7,64.4,268.3333,0
2026-04-24 | 09:49,ESP32_GH_01,27.7,64.2,245.8333,0
2026-04-24 | 09:49,ESP32_GH_01,27.7,64.2,245.8333,0
2026-04-24 | 09:49,ESP32_GH_01,27.7,64.1,278.3333,0
2026-04-24 | 09:49,ESP32_GH_01,27.7,64.1,278.3333,0
2026-04-24 | 09:49,ESP32_GH_01,27.7,64.1,279.1667,0
2026-04-24 | 09:49,ESP32_GH_01,27.7,64.1,279.1667,0
2026-04-24 | 09:49,ESP32_GH_01,27.7,64.2,278.3333,0
2026-04-24 | 09:49,ESP32_GH_01,27.7,64.2,278.3333,0
2026-04-24 | 09:49,ESP32_GH_01,27.7,64.1,443.3333,0
2026-04-24 | 09:49,ESP32_GH_01,27.7,64.1,443.3333,0
2026-04-24 | 09:49,ESP32_GH_01,27.7,64.1,393.3333,0
2026-04-24 | 09:49,ESP32_GH_01,27.7,64.1,393.3333,0
2026-04-24 | 09:49,ESP32_GH_01,27.7,64,442.5,0
2026-04-24 | 09:49,ESP32_GH_01,27.7,64,442.5,0
2026-04-24 | 09:49,ESP32_GH_01,27.7,63.8,276.6667,0
2026-04-24 | 09:49,ESP32_GH_01,27.7,63.8,276.6667,0
2026-04-24 | 09:49,ESP32_GH_01,27.7,63.6,415.8333,0
2026-04-24 | 09:49,ESP32_GH_01,27.7,63.6,415.8333,0
2026-04-24 | 09:50,ESP32_GH_01,27.6,63.5,443.3333,0
2026-04-24 | 09:50,ESP32_GH_01,27.6,63.5,443.3333,0
2026-04-24 | 09:50,ESP32_GH_01,27.7,63.4,451.6667,0
2026-04-24 | 09:50,ESP32_GH_01,27.7,63.4,451.6667,0
2026-04-24 | 09:50,ESP32_GH_01,27.6,63.3,450.8333,0
2026-04-24 | 09:50,ESP32_GH_01,27.6,63.3,450.8333,0
2026-04-24 | 09:50,ESP32_GH_01,27.7,63.4,442.5,3
2026-04-24 | 09:50,ESP32_GH_01,27.7,63.4,442.5,3
2026-04-24 | 09:50,ESP32_GH_01,27.6,63.5,438.3333,0
2026-04-24 | 09:50,ESP32_GH_01,27.6,63.5,438.3333,0
2026-04-24 | 09:50,ESP32_GH_01,27.6,63.4,437.5,0
2026-04-24 | 09:50,ESP32_GH_01,27.6,63.4,437.5,0
2026-04-24 | 09:50,ESP32_GH_01,27.6,63.5,422.5,0
2026-04-24 | 09:50,ESP32_GH_01,27.6,63.5,422.5,0
2026-04-24 | 09:50,ESP32_GH_01,27.6,63.6,432.5,0
2026-04-24 | 09:50,ESP32_GH_01,27.6,63.6,432.5,0
2026-04-24 | 09:50,ESP32_GH_01,27.6,63.4,457.5,0
2026-04-24 | 09:50,ESP32_GH_01,27.6,63.4,457.5,0
2026-04-24 | 09:50,ESP32_GH_01,27.6,63.4,448.3333,0
2026-04-24 | 09:50,ESP32_GH_01,27.6,63.4,448.3333,0
2026-04-24 | 09:50,ESP32_GH_01,27.6,63.3,475,0
2026-04-24 | 09:50,ESP32_GH_01,27.6,63.3,475,0
2026-04-24 | 09:50,ESP32_GH_01,27.6,63.2,480.8333,0
2026-04-24 | 09:50,ESP32_GH_01,27.6,63.2,480.8333,0
2026-04-24 | 09:51,ESP32_GH_01,27.6,63.2,474.1667,0
2026-04-24 | 09:51,ESP32_GH_01,27.6,63.2,474.1667,0
2026-04-24 | 09:51,ESP32_GH_01,27.6,63.2,476.6667,0
2026-04-24 | 09:51,ESP32_GH_01,27.6,63.2,476.6667,0
2026-04-24 | 09:51,ESP32_GH_01,27.6,63.2,489.1667,0
2026-04-24 | 09:51,ESP32_GH_01,27.6,63.2,489.1667,0
2026-04-24 | 09:51,ESP32_GH_01,27.6,63.2,483.3333,0
2026-04-24 | 09:51,ESP32_GH_01,27.6,63.2,483.3333,0
2026-04-24 | 09:51,ESP32_GH_01,27.6,63.4,478.3333,0
2026-04-24 | 09:51,ESP32_GH_01,27.6,63.4,478.3333,0
2026-04-24 | 09:51,ESP32_GH_01,27.6,63.2,473.3333,0
2026-04-24 | 09:51,ESP32_GH_01,27.6,63.2,473.3333,0
2026-04-24 | 09:51,ESP32_GH_01,27.7,63.2,466.6667,0
2026-04-24 | 09:51,ESP32_GH_01,27.7,63.2,466.6667,0
2026-04-24 | 09:51,ESP32_GH_01,27.6,63.2,465.8333,0
2026-04-24 | 09:51,ESP32_GH_01,27.6,63.2,465.8333,0
2026-04-24 | 09:51,ESP32_GH_01,27.7,63.1,471.6667,0
2026-04-24 | 09:51,ESP32_GH_01,27.7,63.1,471.6667,0
2026-04-24 | 09:51,ESP32_GH_01,27.6,63,465,0
2026-04-24 | 09:51,ESP32_GH_01,27.6,63,465,0
2026-04-24 | 09:51,ESP32_GH_01,27.7,62.9,444.1667,0
2026-04-24 | 09:51,ESP32_GH_01,27.7,62.9,444.1667,0
2026-04-24 | 09:51,ESP32_GH_01,27.7,62.9,448.3333,0
2026-04-24 | 09:51,ESP32_GH_01,27.7,62.9,448.3333,0
2026-04-24 | 09:52,ESP32_GH_01,27.7,63.1,422.5,0
2026-04-24 | 09:52,ESP32_GH_01,27.7,63.1,422.5,0
2026-04-24 | 09:52,ESP32_GH_01,27.7,63,404.1667,0
2026-04-24 | 09:52,ESP32_GH_01,27.7,63,404.1667,0
2026-04-24 | 09:52,ESP32_GH_01,27.7,63,397.5,0
2026-04-24 | 09:52,ESP32_GH_01,27.7,63,397.5,0
2026-04-24 | 09:52,ESP32_GH_01,27.7,62.9,419.1667,0
2026-04-24 | 09:52,ESP32_GH_01,27.7,62.9,419.1667,0
2026-04-24 | 09:52,ESP32_GH_01,27.7,62.8,405.8333,0
2026-04-24 | 09:52,ESP32_GH_01,27.7,62.8,405.8333,0
2026-04-24 | 09:52,ESP32_GH_01,27.7,62.8,430,0
2026-04-24 | 09:52,ESP32_GH_01,27.7,62.8,430,0
2026-04-24 | 09:52,ESP32_GH_01,27.7,62.6,446.6667,0
2026-04-24 | 09:52,ESP32_GH_01,27.7,62.6,446.6667,0
2026-04-24 | 09:52,ESP32_GH_01,27.7,62.6,447.5,0
2026-04-24 | 09:52,ESP32_GH_01,27.7,62.6,447.5,0
2026-04-24 | 09:52,ESP32_GH_01,27.7,62.5,442.5,0
2026-04-24 | 09:52,ESP32_GH_01,27.7,62.5,442.5,0
2026-04-24 | 09:52,ESP32_GH_01,27.8,62.4,453.3333,0
2026-04-24 | 09:52,ESP32_GH_01,27.8,62.4,453.3333,0
2026-04-24 | 09:52,ESP32_GH_01,27.8,62.3,476.6667,0
2026-04-24 | 09:52,ESP32_GH_01,27.8,62.3,476.6667,0
2026-04-24 | 09:52,ESP32_GH_01,27.8,62.2,440.8333,0
2026-04-24 | 09:52,ESP32_GH_01,27.8,62.2,440.8333,0
2026-04-24 | 09:53,ESP32_GH_01,27.8,62.1,450.8333,0
2026-04-24 | 09:53,ESP32_GH_01,27.8,62.1,450.8333,0
2026-04-24 | 09:53,ESP32_GH_01,27.8,62.1,455,0
2026-04-24 | 09:53,ESP32_GH_01,27.8,62.1,455,0
2026-04-24 | 09:53,ESP32_GH_01,27.8,62.1,317.5,0
2026-04-24 | 09:53,ESP32_GH_01,27.8,62.1,317.5,0
2026-04-24 | 09:53,ESP32_GH_01,27.8,62,468.3333,0
2026-04-24 | 09:53,ESP32_GH_01,27.8,62,468.3333,0
2026-04-24 | 09:53,ESP32_GH_01,27.8,62,476.6667,0
2026-04-24 | 09:53,ESP32_GH_01,27.8,62,476.6667,0
2026-04-24 | 09:53,ESP32_GH_01,27.8,61.8,287.5,0
2026-04-24 | 09:53,ESP32_GH_01,27.8,61.8,287.5,0
2026-04-24 | 09:53,ESP32_GH_01,27.8,61.7,260.8333,0
2026-04-24 | 09:53,ESP32_GH_01,27.8,61.7,260.8333,0
2026-04-24 | 09:53,ESP32_GH_01,27.8,61.6,255.8333,0
2026-04-24 | 09:53,ESP32_GH_01,27.8,61.6,255.8333,0
2026-04-24 | 09:53,ESP32_GH_01,27.8,61.7,496.6667,0
2026-04-24 | 09:53,ESP32_GH_01,27.8,61.7,496.6667,0
2026-04-24 | 09:53,ESP32_GH_01,27.8,61.6,508.3333,0
2026-04-24 | 09:53,ESP32_GH_01,27.8,61.6,508.3333,0
2026-04-24 | 09:53,ESP32_GH_01,27.8,61.6,522.5,0
2026-04-24 | 09:53,ESP32_GH_01,27.8,61.6,522.5,0
2026-04-24 | 09:53,ESP32_GH_01,27.8,61.5,534.1666,0
2026-04-24 | 09:53,ESP32_GH_01,27.8,61.5,534.1666,0
2026-04-24 | 09:54,ESP32_GH_01,27.8,61.5,532.5,0
2026-04-24 | 09:54,ESP32_GH_01,27.8,61.5,532.5,0
2026-04-24 | 09:54,ESP32_GH_01,27.8,61.5,835.8333,0
2026-04-24 | 09:54,ESP32_GH_01,27.8,61.5,835.8333,0
2026-04-24 | 09:54,ESP32_GH_01,27.8,61.5,842.4999,0
2026-04-24 | 09:54,ESP32_GH_01,27.8,61.5,842.4999,0
2026-04-24 | 09:54,ESP32_GH_01,27.8,61.6,840.8333,0
2026-04-24 | 09:54,ESP32_GH_01,27.8,61.6,840.8333,0
2026-04-24 | 09:54,ESP32_GH_01,27.8,61.7,837.4999,0
2026-04-24 | 09:54,ESP32_GH_01,27.8,61.7,837.4999,0
2026-04-24 | 09:54,ESP32_GH_01,27.8,61.7,808.3333,0
2026-04-24 | 09:54,ESP32_GH_01,27.8,61.7,808.3333,0
2026-04-24 | 09:54,ESP32_GH_01,27.9,61.6,803.3333,0
2026-04-24 | 09:54,ESP32_GH_01,27.9,61.6,803.3333,0
2026-04-24 | 09:54,ESP32_GH_01,27.9,61.6,835.8333,0
2026-04-24 | 09:54,ESP32_GH_01,27.9,61.6,835.8333,0
2026-04-24 | 09:54,ESP32_GH_01,27.8,61.5,822.4999,0
2026-04-24 | 09:54,ESP32_GH_01,27.8,61.5,822.4999,0
2026-04-24 | 09:54,ESP32_GH_01,27.9,61.4,809.1666,0
2026-04-24 | 09:54,ESP32_GH_01,27.9,61.4,809.1666,0
2026-04-24 | 09:54,ESP32_GH_01,27.9,61.2,787.4999,0
2026-04-24 | 09:54,ESP32_GH_01,27.9,61.2,787.4999,0
2026-04-24 | 09:55,ESP32_GH_01,27.9,61,774.9999,0
2026-04-24 | 09:55,ESP32_GH_01,27.9,61,774.9999,0
2026-04-24 | 09:55,ESP32_GH_01,27.9,60.8,769.1666,0
2026-04-24 | 09:55,ESP32_GH_01,27.9,60.8,769.1666,0
2026-04-24 | 09:55,ESP32_GH_01,27.9,60.7,767.5,0
2026-04-24 | 09:55,ESP32_GH_01,27.9,60.7,767.5,0
2026-04-24 | 09:55,ESP32_GH_01,27.9,60.5,763.3333,0
2026-04-24 | 09:55,ESP32_GH_01,27.9,60.5,763.3333,0
2026-04-24 | 09:55,ESP32_GH_01,27.9,60.4,758.3333,0
2026-04-24 | 09:55,ESP32_GH_01,27.9,60.4,758.3333,0
2026-04-24 | 09:55,ESP32_GH_01,27.8,60.2,759.1666,0
2026-04-24 | 09:55,ESP32_GH_01,27.8,60.2,759.1666,0
2026-04-24 | 09:55,ESP32_GH_01,27.8,60.1,760.8333,0
2026-04-24 | 09:55,ESP32_GH_01,27.8,60.1,760.8333,0
2026-04-24 | 09:55,ESP32_GH_01,27.8,59.9,760.8333,0
2026-04-24 | 09:55,ESP32_GH_01,27.8,59.9,760.8333,0
2026-04-24 | 09:56,ESP32_GH_01,27.8,59.6,760.8333,0
2026-04-24 | 09:56,ESP32_GH_01,27.8,59.6,760.8333,0
2026-04-24 | 09:56,ESP32_GH_01,27.8,59.1,761.6666,0
2026-04-24 | 09:56,ESP32_GH_01,27.8,59.1,761.6666,0
2026-04-24 | 09:56,ESP32_GH_01,27.8,59,765.8333,0
2026-04-24 | 09:56,ESP32_GH_01,27.8,59,765.8333,0
2026-04-24 | 09:56,ESP32_GH_01,27.8,58.9,778.3333,0
2026-04-24 | 09:56,ESP32_GH_01,27.8,58.9,778.3333,0
2026-04-24 | 09:56,ESP32_GH_01,27.7,58.8,782.4999,0
2026-04-24 | 09:56,ESP32_GH_01,27.7,58.8,782.4999,0
2026-04-24 | 09:56,ESP32_GH_01,27.7,58.8,792.4999,0
2026-04-24 | 09:56,ESP32_GH_01,27.7,58.8,792.4999,0
2026-04-24 | 09:56,ESP32_GH_01,27.7,58.9,781.6666,0
2026-04-24 | 09:56,ESP32_GH_01,27.7,58.9,781.6666,0
2026-04-24 | 09:56,ESP32_GH_01,27.7,58.9,767.5,0
2026-04-24 | 09:56,ESP32_GH_01,27.7,58.9,767.5,0
2026-04-24 | 09:56,ESP32_GH_01,27.7,58.8,755.8333,0
2026-04-24 | 09:56,ESP32_GH_01,27.7,58.8,755.8333,0
2026-04-24 | 09:56,ESP32_GH_01,27.6,58.8,736.6666,0
2026-04-24 | 09:56,ESP32_GH_01,27.6,58.8,736.6666,0
2026-04-24 | 09:56,ESP32_GH_01,27.6,58.9,717.5,0
2026-04-24 | 09:56,ESP32_GH_01,27.6,58.9,717.5,0
2026-04-24 | 09:56,ESP32_GH_01,27.6,58.7,701.6666,0
2026-04-24 | 09:56,ESP32_GH_01,27.6,58.7,701.6666,0
2026-04-24 | 09:57,ESP32_GH_01,27.6,58.7,681.6666,0
2026-04-24 | 09:57,ESP32_GH_01,27.6,58.7,681.6666,0
2026-04-24 | 09:57,ESP32_GH_01,27.6,58.8,663.3333,0
2026-04-24 | 09:57,ESP32_GH_01,27.6,58.8,663.3333,0
2026-04-24 | 09:57,ESP32_GH_01,27.6,58.9,646.6666,0
2026-04-24 | 09:57,ESP32_GH_01,27.6,58.9,646.6666,0
2026-04-24 | 09:57,ESP32_GH_01,27.5,58.9,634.1666,0
2026-04-24 | 09:57,ESP32_GH_01,27.5,58.9,634.1666,0
2026-04-24 | 09:57,ESP32_GH_01,27.5,58.9,626.6666,0
2026-04-24 | 09:57,ESP32_GH_01,27.5,58.9,626.6666,0
2026-04-24 | 09:57,ESP32_GH_01,27.5,58.9,622.5,0
2026-04-24 | 09:57,ESP32_GH_01,27.5,58.9,622.5,0
2026-04-24 | 09:57,ESP32_GH_01,27.4,58.9,623.3333,0
2026-04-24 | 09:57,ESP32_GH_01,27.4,58.9,623.3333,0
2026-04-24 | 09:57,ESP32_GH_01,27.4,59,624.1666,0
2026-04-24 | 09:57,ESP32_GH_01,27.4,59,624.1666,0
2026-04-24 | 09:57,ESP32_GH_01,27.4,58.9,625.8333,0
2026-04-24 | 09:57,ESP32_GH_01,27.4,58.9,625.8333,0
2026-04-24 | 09:57,ESP32_GH_01,27.4,59.1,629.1666,0
2026-04-24 | 09:57,ESP32_GH_01,27.4,59.1,629.1666,0
2026-04-24 | 09:57,ESP32_GH_01,27.4,59.1,636.6666,0
2026-04-24 | 09:57,ESP32_GH_01,27.4,59.1,636.6666,0
2026-04-24 | 09:57,ESP32_GH_01,27.3,59.1,644.1666,0
2026-04-24 | 09:57,ESP32_GH_01,27.3,59.1,644.1666,0
2026-04-24 | 09:58,ESP32_GH_01,27.3,59.2,652.5,0
2026-04-24 | 09:58,ESP32_GH_01,27.3,59.2,652.5,0
2026-04-24 | 09:58,ESP32_GH_01,27.3,59.3,655,0
2026-04-24 | 09:58,ESP32_GH_01,27.3,59.3,655,0
2026-04-24 | 09:58,ESP32_GH_01,27.3,59.3,666.6666,0
2026-04-24 | 09:58,ESP32_GH_01,27.3,59.3,666.6666,0
2026-04-24 | 09:58,ESP32_GH_01,27.3,59.3,679.1666,0
2026-04-24 | 09:58,ESP32_GH_01,27.3,59.3,679.1666,0
2026-04-24 | 09:58,ESP32_GH_01,27.3,59.3,692.5,0
2026-04-24 | 09:58,ESP32_GH_01,27.3,59.3,692.5,0
2026-04-24 | 09:58,ESP32_GH_01,27.3,59.4,700,0
2026-04-24 | 09:58,ESP32_GH_01,27.3,59.4,700,0
2026-04-24 | 09:58,ESP32_GH_01,27.3,59.5,699.1666,0
2026-04-24 | 09:58,ESP32_GH_01,27.3,59.5,699.1666,0
2026-04-24 | 09:58,ESP32_GH_01,27.3,59.5,691.6666,0
2026-04-24 | 09:58,ESP32_GH_01,27.3,59.5,691.6666,0
2026-04-24 | 09:58,ESP32_GH_01,27.3,59.7,680,0
2026-04-24 | 09:58,ESP32_GH_01,27.3,59.7,680,0
2026-04-24 | 09:58,ESP32_GH_01,27.2,59.7,670,0
2026-04-24 | 09:58,ESP32_GH_01,27.2,59.7,670,0
2026-04-24 | 09:58,ESP32_GH_01,27.3,60,662.5,0
2026-04-24 | 09:58,ESP32_GH_01,27.3,60,662.5,0
2026-04-24 | 09:58,ESP32_GH_01,27.3,60,655,0
2026-04-24 | 09:58,ESP32_GH_01,27.3,60,655,0
2026-04-24 | 09:59,ESP32_GH_01,27.3,60.3,640.8333,0
2026-04-24 | 09:59,ESP32_GH_01,27.3,60.3,640.8333,0
2026-04-24 | 09:59,ESP32_GH_01,27.3,60.4,625,0
2026-04-24 | 09:59,ESP32_GH_01,27.3,60.4,625,0
2026-04-24 | 09:59,ESP32_GH_01,27.3,60.6,609.1666,0
2026-04-24 | 09:59,ESP32_GH_01,27.3,60.6,609.1666,0
2026-04-24 | 09:59,ESP32_GH_01,27.3,60.9,590,0
2026-04-24 | 09:59,ESP32_GH_01,27.3,60.9,590,0
2026-04-24 | 09:59,ESP32_GH_01,27.3,61.2,567.5,0
2026-04-24 | 09:59,ESP32_GH_01,27.3,61.2,567.5,0
2026-04-24 | 09:59,ESP32_GH_01,27.3,61.5,545.8333,0
2026-04-24 | 09:59,ESP32_GH_01,27.3,61.5,545.8333,0
2026-04-24 | 09:59,ESP32_GH_01,27.3,61.8,539.1666,0
2026-04-24 | 09:59,ESP32_GH_01,27.3,61.8,539.1666,0
2026-04-24 | 09:59,ESP32_GH_01,27.3,62.1,534.1666,0
2026-04-24 | 09:59,ESP32_GH_01,27.3,62.1,534.1666,0
2026-04-24 | 09:59,ESP32_GH_01,27.3,62.3,535,0
2026-04-24 | 09:59,ESP32_GH_01,27.3,62.3,535,0
2026-04-24 | 09:59,ESP32_GH_01,27.3,62.4,540,0
2026-04-24 | 09:59,ESP32_GH_01,27.3,62.4,540,0
2026-04-24 | 09:59,ESP32_GH_01,27.3,62.5,548.3333,0
2026-04-24 | 09:59,ESP32_GH_01,27.3,62.5,548.3333,0
2026-04-24 | 09:59,ESP32_GH_01,27.3,62.7,556.6666,0
2026-04-24 | 09:59,ESP32_GH_01,27.3,62.7,556.6666,0
2026-04-24 | 10:00,ESP32_GH_01,27.3,62.8,564.1666,0
2026-04-24 | 10:00,ESP32_GH_01,27.3,62.8,564.1666,0
2026-04-24 | 10:00,ESP32_GH_01,27.3,62.9,570,0
2026-04-24 | 10:00,ESP32_GH_01,27.3,62.9,570,0
2026-04-24 | 10:00,ESP32_GH_01,27.3,63,581.6666,0
2026-04-24 | 10:00,ESP32_GH_01,27.3,63,581.6666,0
2026-04-24 | 10:00,ESP32_GH_01,27.3,62.9,593.3333,0
2026-04-24 | 10:00,ESP32_GH_01,27.3,62.9,593.3333,0
2026-04-24 | 10:00,ESP32_GH_01,27.3,62.9,608.3333,0
2026-04-24 | 10:00,ESP32_GH_01,27.3,62.9,608.3333,0
2026-04-24 | 10:00,ESP32_GH_01,27.3,63,622.5,0
2026-04-24 | 10:00,ESP32_GH_01,27.3,63,622.5,0
2026-04-24 | 10:00,ESP32_GH_01,27.3,63.1,634.1666,0
2026-04-24 | 10:00,ESP32_GH_01,27.3,63.1,634.1666,0
2026-04-24 | 10:00,ESP32_GH_01,27.2,63.2,632.5,0
2026-04-24 | 10:00,ESP32_GH_01,27.2,63.2,632.5,0
2026-04-24 | 10:00,ESP32_GH_01,27.2,63.3,621.6666,0
2026-04-24 | 10:00,ESP32_GH_01,27.2,63.3,621.6666,0
2026-04-24 | 10:00,ESP32_GH_01,27.2,63.3,614.1666,0
2026-04-24 | 10:00,ESP32_GH_01,27.2,63.3,614.1666,0
2026-04-24 | 10:00,ESP32_GH_01,27.2,63.3,610,0
2026-04-24 | 10:00,ESP32_GH_01,27.2,63.3,610,0
2026-04-24 | 10:01,ESP32_GH_01,27.2,63.4,605,0
2026-04-24 | 10:01,ESP32_GH_01,27.2,63.4,605,0
2026-04-24 | 10:01,ESP32_GH_01,27.2,63.6,605,0
2026-04-24 | 10:01,ESP32_GH_01,27.2,63.6,605,0
2026-04-24 | 10:01,ESP32_GH_01,27.2,63.7,611.6666,0
2026-04-24 | 10:01,ESP32_GH_01,27.2,63.7,611.6666,0
2026-04-24 | 10:01,ESP32_GH_01,27.2,63.8,629.1666,0
2026-04-24 | 10:01,ESP32_GH_01,27.2,63.8,629.1666,0
2026-04-24 | 10:01,ESP32_GH_01,27.2,63.8,637.5,0
2026-04-24 | 10:01,ESP32_GH_01,27.2,63.8,637.5,0
2026-04-24 | 10:01,ESP32_GH_01,27.2,63.9,651.6666,0
2026-04-24 | 10:01,ESP32_GH_01,27.2,63.9,651.6666,0
2026-04-24 | 10:01,ESP32_GH_01,27.2,63.9,668.3333,0
2026-04-24 | 10:01,ESP32_GH_01,27.2,63.9,668.3333,0
2026-04-24 | 10:01,ESP32_GH_01,27.2,63.9,671.6666,0
2026-04-24 | 10:01,ESP32_GH_01,27.2,63.9,671.6666,0
2026-04-24 | 10:01,ESP32_GH_01,27.3,63.9,672.5,0
2026-04-24 | 10:01,ESP32_GH_01,27.3,63.9,672.5,0
2026-04-24 | 10:01,ESP32_GH_01,27.3,63.8,670.8333,0
2026-04-24 | 10:01,ESP32_GH_01,27.3,63.8,670.8333,0
2026-04-24 | 10:01,ESP32_GH_01,27.2,63.8,666.6666,0
2026-04-24 | 10:01,ESP32_GH_01,27.2,63.8,666.6666,0
2026-04-24 | 10:01,ESP32_GH_01,27.3,63.7,660.8333,0
2026-04-24 | 10:01,ESP32_GH_01,27.3,63.7,660.8333,0
2026-04-24 | 10:02,ESP32_GH_01,27.3,63.7,664.1666,0
2026-04-24 | 10:02,ESP32_GH_01,27.3,63.7,664.1666,0
2026-04-24 | 10:02,ESP32_GH_01,27.3,63.7,670.8333,0
2026-04-24 | 10:02,ESP32_GH_01,27.3,63.7,670.8333,0
2026-04-24 | 10:02,ESP32_GH_01,27.3,63.7,687.5,0
2026-04-24 | 10:02,ESP32_GH_01,27.3,63.7,687.5,0
2026-04-24 | 10:02,ESP32_GH_01,27.3,63.6,598.3333,0
2026-04-24 | 10:02,ESP32_GH_01,27.3,63.6,598.3333,0
2026-04-24 | 10:34,ESP32_GH_01,23.3,71.3,284.1667,0
2026-04-24 | 10:34,ESP32_GH_01,23.3,71.4,254.1667,0
2026-04-24 | 10:34,ESP32_GH_01,23.3,71.9,262.5,0
2026-04-24 | 10:34,ESP32_GH_01,23.3,72.7,255,0
2026-04-24 | 10:34,ESP32_GH_01,23.3,72.7,255,0
2026-04-24 | 10:34,ESP32_GH_01,23.4,73.5,253.3333,0
2026-04-24 | 10:34,ESP32_GH_01,23.4,73.5,253.3333,0
2026-04-24 | 10:35,ESP32_GH_01,23.4,74.4,250,0
2026-04-24 | 10:35,ESP32_GH_01,23.4,74.4,250,0
2026-04-24 | 10:35,ESP32_GH_01,23.5,75.2,250.8333,0
2026-04-24 | 10:35,ESP32_GH_01,23.5,75.2,250.8333,0
2026-04-24 | 10:35,ESP32_GH_01,23.5,75.8,286.6667,0
2026-04-24 | 10:35,ESP32_GH_01,23.6,76.2,287.5,0
2026-04-24 | 10:35,ESP32_GH_01,23.6,76.6,290,0
2026-04-24 | 10:35,ESP32_GH_01,23.7,76.9,296.6667,0
2026-04-24 | 10:35,ESP32_GH_01,23.8,77.2,291.6667,0
2026-04-24 | 10:35,ESP32_GH_01,23.9,77.3,286.6667,0
2026-04-24 | 10:35,ESP32_GH_01,23.9,77.3,284.1667,0
2026-04-24 | 10:35,ESP32_GH_01,23.9,77.2,284.1667,0
2026-04-24 | 10:35,ESP32_GH_01,24,77.2,280.8333,0
2026-04-24 | 10:35,ESP32_GH_01,24.1,77.1,285,0
2026-04-24 | 10:36,ESP32_GH_01,24.1,77.1,279.1667,0
2026-04-24 | 10:36,ESP32_GH_01,24.2,76.8,273.3333,0
2026-04-24 | 10:36,ESP32_GH_01,24.2,76.6,270,0
2026-04-24 | 10:36,ESP32_GH_01,24.3,76.5,264.1667,0
2026-04-24 | 10:36,ESP32_GH_01,24.3,76.3,274.1667,0
2026-04-24 | 10:36,ESP32_GH_01,24.3,76.2,273.3333,0
2026-04-24 | 10:36,ESP32_GH_01,24.4,76.1,255,0
2026-04-24 | 10:36,ESP32_GH_01,24.4,76.1,240.8333,0
2026-04-24 | 10:36,ESP32_GH_01,24.4,75.8,243.3333,0
2026-04-24 | 10:36,ESP32_GH_01,24.4,75.7,241.6667,0
2026-04-24 | 10:36,ESP32_GH_01,24.5,75.8,239.1667,0
2026-04-24 | 10:37,ESP32_GH_01,24.5,75.6,257.5,0
2026-04-24 | 10:37,ESP32_GH_01,24.5,75.5,291.6667,0
2026-04-24 | 10:37,ESP32_GH_01,24.5,75.5,300.8333,0
2026-04-24 | 10:37,ESP32_GH_01,24.5,75.4,308.3333,0
2026-04-24 | 10:37,ESP32_GH_01,24.5,75.1,317.5,0
2026-04-24 | 10:37,ESP32_GH_01,24.5,75,326.6667,0
2026-04-24 | 10:37,ESP32_GH_01,24.5,74.9,330.8333,0
2026-04-24 | 10:37,ESP32_GH_01,24.6,74.8,335,0
2026-04-24 | 10:37,ESP32_GH_01,24.6,74.7,329.1667,0
2026-04-24 | 10:37,ESP32_GH_01,24.6,74.7,325,0
2026-04-24 | 10:37,ESP32_GH_01,24.6,74.7,319.1667,0
2026-04-24 | 10:37,ESP32_GH_01,24.6,74.5,312.5,0
2026-04-24 | 10:38,ESP32_GH_01,24.6,74.5,308.3333,0
2026-04-24 | 10:38,ESP32_GH_01,24.6,74.3,308.3333,0
2026-04-24 | 10:38,ESP32_GH_01,24.6,74.2,311.6667,0
2026-04-24 | 10:38,ESP32_GH_01,24.6,74,327.5,0
2026-04-24 | 10:38,ESP32_GH_01,24.6,74,336.6667,0
2026-04-24 | 10:38,ESP32_GH_01,24.6,73.8,337.5,0
2026-04-24 | 10:38,ESP32_GH_01,24.6,73.7,334.1667,0
2026-04-24 | 10:38,ESP32_GH_01,24.6,73.4,333.3333,0
2026-04-24 | 10:38,ESP32_GH_01,24.6,73.1,330.8333,0
2026-04-24 | 10:38,ESP32_GH_01,24.6,72.9,326.6667,0
2026-04-24 | 10:53,ESP32_GH_01,22.9,69,153.3333,0
2026-04-24 | 10:53,ESP32_GH_01,22.9,69.3,159.1667,0
2026-04-24 | 10:53,ESP32_GH_01,22.8,69.4,161.6667,0
2026-04-24 | 10:53,ESP32_GH_01,22.8,69.7,170,0
2026-04-24 | 10:53,ESP32_GH_01,22.8,69.9,174.1667,0
2026-04-24 | 10:53,ESP32_GH_01,22.8,70,175.8333,0
2026-04-24 | 10:54,ESP32_GH_01,22.7,70.3,175,0
2026-04-24 | 10:54,ESP32_GH_01,22.7,70.6,174.1667,0
2026-04-24 | 10:54,ESP32_GH_01,22.7,71.6,172.5,0
2026-04-24 | 10:54,ESP32_GH_01,22.8,72.4,172.5,0
2026-04-24 | 10:54,ESP32_GH_01,22.8,73.3,173.3333,0
2026-04-24 | 10:54,ESP32_GH_01,22.8,74,174.1667,0
2026-04-24 | 10:54,ESP32_GH_01,22.9,74.7,177.5,0
2026-04-24 | 10:54,ESP32_GH_01,23,75.4,177.5,0
2026-04-24 | 10:54,ESP32_GH_01,23,76,176.6667,0
2026-04-24 | 10:54,ESP32_GH_01,23.1,76.5,178.3333,0
2026-04-24 | 10:54,ESP32_GH_01,23.2,76.7,185.8333,0
2026-04-24 | 10:54,ESP32_GH_01,23.3,76.8,187.5,0
2026-04-24 | 10:55,ESP32_GH_01,23.3,77,195.8333,0
2026-04-24 | 10:55,ESP32_GH_01,23.4,77,215.8333,0
2026-04-24 | 10:55,ESP32_GH_01,23.6,77,195,0
2026-04-24 | 10:55,ESP32_GH_01,23.6,76.9,192.5,0
2026-04-24 | 10:55,ESP32_GH_01,23.7,76.8,190.8333,0
2026-04-24 | 10:55,ESP32_GH_01,23.7,76.7,192.5,0
2026-04-24 | 10:55,ESP32_GH_01,23.8,76.7,195.8333,0
2026-04-24 | 10:55,ESP32_GH_01,23.8,76.7,202.5,0
2026-04-24 | 10:56,ESP32_GH_01,23.9,76.6,195.8333,0
2026-04-24 | 10:56,ESP32_GH_01,23.9,76.6,191.6667,0
2026-04-24 | 10:56,ESP32_GH_01,23.9,76.6,186.6667,0
2026-04-24 | 10:56,ESP32_GH_01,24,76.6,183.3333,0
2026-04-24 | 10:56,ESP32_GH_01,24,76.6,180.8333,0
2026-04-24 | 10:56,ESP32_GH_01,24.1,76.5,161.6667,0
2026-04-24 | 10:56,ESP32_GH_01,24.1,76.5,155,0
2026-04-24 | 10:56,ESP32_GH_01,24.1,76.5,155,0
2026-04-24 | 10:56,ESP32_GH_01,24.2,76.4,125.8333,0
2026-04-24 | 10:56,ESP32_GH_01,24.2,76.5,119.1667,0
2026-04-24 | 10:56,ESP32_GH_01,24.2,76.4,112.5,0
2026-04-24 | 10:56,ESP32_GH_01,24.3,76.4,132.5,0
2026-04-24 | 10:57,ESP32_GH_01,24.3,76.4,130.8333,0
2026-04-24 | 10:57,ESP32_GH_01,24.3,76.4,133.3333,0
2026-04-24 | 10:57,ESP32_GH_01,24.4,76.2,134.1667,0
2026-04-24 | 10:57,ESP32_GH_01,24.4,76.2,133.3333,0
2026-04-24 | 10:57,ESP32_GH_01,24.6,75.7,150.8333,0
2026-04-24 | 10:57,ESP32_GH_01,24.6,75.5,163.3333,0
2026-04-24 | 10:57,ESP32_GH_01,24.7,75.6,171.6667,0
2026-04-24 | 10:58,ESP32_GH_01,24.7,75.4,176.6667,0
2026-04-24 | 10:58,ESP32_GH_01,24.8,75.3,172.5,0
2026-04-24 | 10:58,ESP32_GH_01,24.9,75.1,180,0
2026-04-24 | 10:58,ESP32_GH_01,25,74.8,182.5,0
2026-04-24 | 10:58,ESP32_GH_01,25,74.6,184.1667,0
2026-04-24 | 10:58,ESP32_GH_01,25.1,74.2,193.3333,0
2026-04-24 | 10:58,ESP32_GH_01,25.3,74,143.3333,0
2026-04-24 | 10:58,ESP32_GH_01,25.4,73.8,144.1667,0
2026-04-24 | 10:58,ESP32_GH_01,25.4,73.6,148.3333,0
2026-04-24 | 10:58,ESP32_GH_01,25.5,73.3,141.6667,0
2026-04-24 | 10:58,ESP32_GH_01,25.5,73.2,143.3333,0
2026-04-24 | 10:59,ESP32_GH_01,25.6,72.7,145,0
2026-04-24 | 10:59,ESP32_GH_01,25.7,72.6,142.5,0
2026-04-24 | 10:59,ESP32_GH_01,25.7,72.3,140.8333,0
2026-04-24 | 10:59,ESP32_GH_01,25.8,72.1,2048.333,0
2026-04-24 | 10:59,ESP32_GH_01,25.8,71.8,1360.833,0
2026-04-24 | 10:59,ESP32_GH_01,25.9,71.7,1135,0
2026-04-24 | 10:59,ESP32_GH_01,25.9,71.5,1121.667,0
2026-04-24 | 10:59,ESP32_GH_01,26,71.3,105,0
2026-04-24 | 10:59,ESP32_GH_01,26,71,108.3333,0
2026-04-24 | 10:59,ESP32_GH_01,26.1,71.1,109.1667,0
2026-04-24 | 10:59,ESP32_GH_01,26.1,71.2,111.6667,0
2026-04-24 | 11:00,ESP32_GH_01,26.2,71.1,109.1667,0
2026-04-24 | 11:00,ESP32_GH_01,26.2,71,110,0
2026-04-24 | 11:00,ESP32_GH_01,26.3,70.9,113.3333,0
2026-04-24 | 11:00,ESP32_GH_01,26.3,70.8,113.3333,0
2026-04-24 | 11:00,ESP32_GH_01,26.3,70.7,110.8333,0
2026-04-24 | 11:00,ESP32_GH_01,26.3,70.6,110,0
2026-04-24 | 11:00,ESP32_GH_01,26.3,70.6,109.1667,0
2026-04-24 | 11:00,ESP32_GH_01,26.3,70.5,107.5,0
2026-04-24 | 11:00,ESP32_GH_01,26.3,70.3,126.6667,0
2026-04-24 | 11:00,ESP32_GH_01,26.4,70.3,110.8333,0
2026-04-24 | 11:00,ESP32_GH_01,26.4,70.2,129.1667,0
2026-04-24 | 11:00,ESP32_GH_01,26.4,70.3,140.8333,0
2026-04-24 | 11:01,ESP32_GH_01,26.4,70.1,129.1667,0
2026-04-24 | 11:01,ESP32_GH_01,26.4,70.2,142.5,0
2026-04-24 | 11:01,ESP32_GH_01,26.4,69.9,148.3333,0
2026-04-24 | 11:01,ESP32_GH_01,26.5,69.6,142.5,0
2026-04-24 | 11:01,ESP32_GH_01,26.5,69.5,305,0
2026-04-24 | 11:01,ESP32_GH_01,26.5,69.2,1766.667,0
2026-04-24 | 11:01,ESP32_GH_01,26.6,69.1,1679.167,0
2026-04-24 | 11:01,ESP32_GH_01,26.6,69,1475.833,0
2026-04-24 | 11:01,ESP32_GH_01,26.6,68.9,1417.5,0
2026-04-24 | 11:01,ESP32_GH_01,26.6,68.7,555,0
2026-04-24 | 11:01,ESP32_GH_01,26.7,68.5,111.6667,0
2026-04-24 | 11:01,ESP32_GH_01,26.7,68.3,114.1667,0
2026-04-24 | 11:02,ESP32_GH_01,26.7,68.1,115,0
2026-04-24 | 11:02,ESP32_GH_01,26.7,68.1,111.6667,0
2026-04-24 | 11:02,ESP32_GH_01,26.8,68,114.1667,0
2026-04-24 | 11:02,ESP32_GH_01,26.8,68,111.6667,0
2026-04-24 | 11:02,ESP32_GH_01,26.8,68,114.1667,0
2026-04-24 | 11:02,ESP32_GH_01,26.8,68,119.1667,0
2026-04-24 | 11:02,ESP32_GH_01,26.9,68,120.8333,0
2026-04-24 | 11:02,ESP32_GH_01,26.9,67.8,115,0
2026-04-24 | 11:02,ESP32_GH_01,26.9,67.4,117.5,0
2026-04-24 | 11:02,ESP32_GH_01,27,67,115,0
2026-04-24 | 11:02,ESP32_GH_01,27,66.6,95,0
2026-04-24 | 11:02,ESP32_GH_01,27,66.3,108.3333,0
2026-04-24 | 11:03,ESP32_GH_01,27,65.9,101.6667,0
2026-04-24 | 11:03,ESP32_GH_01,27,65.8,107.5,0
2026-04-24 | 11:03,ESP32_GH_01,27,65.5,111.6667,0
2026-04-24 | 11:03,ESP32_GH_01,27,65.5,111.6667,0
2026-04-24 | 11:03,ESP32_GH_01,27,65.5,171.6667,0
2026-04-24 | 11:03,ESP32_GH_01,27,65.4,415.8333,0
2026-04-24 | 11:03,ESP32_GH_01,27,65.4,607.5,0
2026-04-24 | 11:03,ESP32_GH_01,27,65.3,879.1666,0
2026-04-24 | 11:03,ESP32_GH_01,27,65.1,1160,0
2026-04-24 | 11:03,ESP32_GH_01,27,65,118.3333,0
2026-04-24 | 11:03,ESP32_GH_01,27,64.9,232.5,0
2026-04-24 | 11:03,ESP32_GH_01,27,64.8,377.5,0
2026-04-24 | 11:04,ESP32_GH_01,27,64.8,115.8333,0
2026-04-24 | 11:04,ESP32_GH_01,27,64.7,115.8333,0
2026-04-24 | 11:04,ESP32_GH_01,27.1,64.8,115.8333,0
2026-04-24 | 11:04,ESP32_GH_01,27.1,64.7,116.6667,0
2026-04-24 | 11:04,ESP32_GH_01,27.1,64.6,118.3333,0
2026-04-24 | 11:04,ESP32_GH_01,27.1,64.5,119.1667,0
2026-04-24 | 11:04,ESP32_GH_01,27.1,64.3,120,0
2026-04-24 | 11:04,ESP32_GH_01,27.1,64.2,122.5,0
2026-04-24 | 11:04,ESP32_GH_01,27.1,64.1,123.3333,0
2026-04-24 | 11:04,ESP32_GH_01,27.1,64,125.8333,0
2026-04-24 | 11:04,ESP32_GH_01,27.1,64,129.1667,0
2026-04-24 | 11:04,ESP32_GH_01,27.1,64,130.8333,0
2026-04-24 | 11:05,ESP32_GH_01,27.2,64.1,130.8333,0
2026-04-24 | 11:05,ESP32_GH_01,27.2,64,129.1667,0
2026-04-24 | 11:05,ESP32_GH_01,27.2,63.9,129.1667,0
2026-04-24 | 11:05,ESP32_GH_01,27.2,63.8,130.8333,0
2026-04-24 | 11:05,ESP32_GH_01,27.2,63.6,4877.5,0
2026-04-24 | 11:05,ESP32_GH_01,27.3,63.4,3758.333,0
2026-04-24 | 11:05,ESP32_GH_01,27.2,63.3,2742.5,0
2026-04-24 | 11:05,ESP32_GH_01,27.3,63.4,2477.5,0
2026-04-24 | 11:05,ESP32_GH_01,27.3,63.3,3336.667,0
2026-04-24 | 11:05,ESP32_GH_01,27.3,63.2,1045,0
2026-04-24 | 11:05,ESP32_GH_01,27.3,63.3,140.8333,0
2026-04-24 | 11:06,ESP32_GH_01,27.4,63.2,141.6667,0
2026-04-24 | 11:06,ESP32_GH_01,27.4,63,124.1667,0
2026-04-24 | 11:06,ESP32_GH_01,27.4,62.9,124.1667,0
2026-04-24 | 11:06,ESP32_GH_01,27.4,62.8,121.6667,0
2026-04-24 | 11:06,ESP32_GH_01,27.4,62.7,125,0
2026-04-24 | 11:06,ESP32_GH_01,27.4,62.7,123.3333,0
2026-04-24 | 11:06,ESP32_GH_01,27.4,62.5,143.3333,0
2026-04-24 | 11:06,ESP32_GH_01,27.3,62.6,141.6667,0
2026-04-24 | 11:06,ESP32_GH_01,27.3,62.6,136.6667,0
2026-04-24 | 11:06,ESP32_GH_01,27.3,62.6,136.6667,0
2026-04-24 | 11:06,ESP32_GH_01,27.3,62.6,140.8333,0
2026-04-24 | 11:06,ESP32_GH_01,27.3,62.7,127.5,0
2026-04-24 | 11:07,ESP32_GH_01,27.3,62.8,150,0
2026-04-24 | 11:07,ESP32_GH_01,27.3,62.8,157.5,0
2026-04-24 | 11:07,ESP32_GH_01,27.3,62.8,172.5,0
2026-04-24 | 11:07,ESP32_GH_01,27.2,62.8,183.3333,0
2026-04-24 | 11:07,ESP32_GH_01,27.2,62.9,195,0
2026-04-24 | 11:07,ESP32_GH_01,27.2,63.1,207.5,0
2026-04-24 | 11:07,ESP32_GH_01,27.2,63.4,205.8333,0
2026-04-24 | 11:07,ESP32_GH_01,27.2,63.5,231.6667,0
2026-04-24 | 11:07,ESP32_GH_01,27.2,63.6,206.6667,0
2026-04-24 | 11:07,ESP32_GH_01,27.2,63.8,230,0
2026-04-24 | 11:07,ESP32_GH_01,27.2,64,237.5,0
2026-04-24 | 11:07,ESP32_GH_01,27.2,63.9,245,0
2026-04-24 | 11:08,ESP32_GH_01,27.2,64.1,254.1667,0
2026-04-24 | 11:08,ESP32_GH_01,27.2,64.1,2934.167,0
2026-04-24 | 11:08,ESP32_GH_01,27.2,64.3,3462.5,0
2026-04-24 | 11:08,ESP32_GH_01,27.2,64.5,2997.5,0
2026-04-24 | 11:08,ESP32_GH_01,27.2,64.5,242.5,0
2026-04-24 | 11:08,ESP32_GH_01,27.2,64.5,235.8333,0
2026-04-24 | 11:08,ESP32_GH_01,27.2,64.4,231.6667,0
2026-04-24 | 11:08,ESP32_GH_01,27.2,64.4,219.1667,0
2026-04-24 | 11:08,ESP32_GH_01,27.2,64.5,209.1667,0
